date,flights,max_distance,url
2024-01-01,5,3.0,https://www.xcontest.org/2025/world/en/flights-search/?filter%5Bpoint%5D=-105.031672+39.816687&filter%5Bradius%5D=50000&filter%5Bmode%5D=START&filter%5Bdate_mode%5D=dmy&filter%5Bdate%5D=2024-01-01&filter%5Bvalue_mode%5D=dst
2024-01-02,-1,-1,https://www.xcontest.org/2025/world/en/flights-search/?filter%5Bpoint%5D=-105.031672+39.816687&filter%5Bradius%5D=50000&filter%5Bmode%5D=START&filter%5Bdate_mode%5D=dmy&filter%5Bdate%5D=2024-01-02&filter%5Bvalue_mode%5D=dst
2024-01-03,1,2.5,https://www.xcontest.org/2025/world/en/flights-search/?filter%5Bpoint%5D=-105.031672+39.816687&filter%5Bradius%5D=50000&filter%5Bmode%5D=START&filter%5Bdate_mode%5D=dmy&filter%5Bdate%5D=2024-01-03&filter%5Bvalue_mode%5D=dst
2024-01-04,4,0.83,https://www.xcontest.org/2025/world/en/flights-search/?filter%5Bpoint%5D=-105.031672+39.816687&filter%5Bradius%5D=50000&filter%5Bmode%5D=START&filter%5Bdate_mode%5D=dmy&filter%5Bdate%5D=2024-01-04&filter%5Bvalue_mode%5D=dst
2024-01-05,4,8.45,https://www.xcontest.org/2025/world/en/flights-search/?filter%5Bpoint%5D=-105.031672+39.816687&filter%5Bradius%5D=50000&filter%5Bmode%5D=START&filter%5Bdate_mode%5D=dmy&filter%5Bdate%5D=2024-01-05&filter%5Bvalue_mode%5D=dst
2024-01-06,0,0,https://www.xcontest.org/2025/world/en/flights-search/?filter%5Bpoint%5D=-105.031672+39.816687&filter%5Bradius%5D=50000&filter%5Bmode%5D=START&filter%5Bdate_mode%5D=dmy&filter%5Bdate%5D=2024-01-06&filter%5Bvalue_mode%5D=dst
2024-01-07,1,0.98,https://www.xcontest.org/2025/world/en/flights-search/?filter%5Bpoint%5D=-105.031672+39.816687&filter%5Bradius%5D=50000&filter%5Bmode%5D=START&filter%5Bdate_mode%5D=dmy&filter%5Bdate%5D=2024-01-07&filter%5Bvalue_mode%5D=dst
2024-01-08,0,0,https://www.xcontest.org/2025/world/en/flights-search/?filter%5Bpoint%5D=-105.031672+39.816687&filter%5Bradius%5D=50000&filter%5Bmode%5D=START&filter%5Bdate_mode%5D=dmy&filter%5Bdate%5D=2024-01-08&filter%5Bvalue_mode%5D=dst
2024-01-09,0,0,https://www.xcontest.org/2025/world/en/flights-search/?filter%5Bpoint%5D=-105.031672+39.816687&filter%5Bradius%5D=50000&filter%5Bmode%5D=START&filter%5Bdate_mode%5D=dmy&filter%5Bdate%5D=2024-01-09&filter%5Bvalue_mode%5D=dst
2024-01-10,0,0,https://www.xcontest.org/2025/world/en/flights-search/?filter%5Bpoint%5D=-105.031672+39.816687&filter%5Bradius%5D=50000&filter%5Bmode%5D=START&filter%5Bdate_mode%5D=dmy&filter%5Bdate%5D=2024-01-10&filter%5Bvalue_mode%5D=dst
2024-01-11,3,3.82,https://www.xcontest.org/2025/world/en/flights-search/?filter%5Bpoint%5D=-105.031672+39.816687&filter%5Bradius%5D=50000&filter%5Bmode%5D=START&filter%5Bdate_mode%5D=dmy&filter%5Bdate%5D=2024-01-11&filter%5Bvalue_mode%5D=dst
2024-01-12,0,0,https://www.xcontest.org/2025/world/en/flights-search/?filter%5Bpoint%5D=-105.031672+39.816687&filter%5Bradius%5D=50000&filter%5Bmode%5D=START&filter%5Bdate_mode%5D=dmy&filter%5Bdate%5D=2024-01-12&filter%5Bvalue_mode%5D=dst
2024-01-13,0,0,https://www.xcontest.org/2025/world/en/flights-search/?filter%5Bpoint%5D=-105.031672+39.816687&filter%5Bradius%5D=50000&filter%5Bmode%5D=START&filter%5Bdate_mode%5D=dmy&filter%5Bdate%5D=2024-01-13&filter%5Bvalue_mode%5D=dst
2024-01-14,0,0,https://www.xcontest.org/2025/world/en/flights-search/?filter%5Bpoint%5D=-105.031672+39.816687&filter%5Bradius%5D=50000&filter%5Bmode%5D=START&filter%5Bdate_mode%5D=dmy&filter%5Bdate%5D=2024-01-14&filter%5Bvalue_mode%5D=dst
2024-01-15,0,0,https://www.xcontest.org/2025/world/en/flights-search/?filter%5Bpoint%5D=-105.031672+39.816687&filter%5Bradius%5D=50000&filter%5Bmode%5D=START&filter%5Bdate_mode%5D=dmy&filter%5Bdate%5D=2024-01-15&filter%5Bvalue_mode%5D=dst
2024-01-16,0,0,https://www.xcontest.org/2025/world/en/flights-search/?filter%5Bpoint%5D=-105.031672+39.816687&filter%5Bradius%5D=50000&filter%5Bmode%5D=START&filter%5Bdate_mode%5D=dmy&filter%5Bdate%5D=2024-01-16&filter%5Bvalue_mode%5D=dst
2024-01-17,0,0,https://www.xcontest.org/2025/world/en/flights-search/?filter%5Bpoint%5D=-105.031672+39.816687&filter%5Bradius%5D=50000&filter%5Bmode%5D=START&filter%5Bdate_mode%5D=dmy&filter%5Bdate%5D=2024-01-17&filter%5Bvalue_mode%5D=dst
2024-01-18,0,0,https://www.xcontest.org/2025/world/en/flights-search/?filter%5Bpoint%5D=-105.031672+39.816687&filter%5Bradius%5D=50000&filter%5Bmode%5D=START&filter%5Bdate_mode%5D=dmy&filter%5Bdate%5D=2024-01-18&filter%5Bvalue_mode%5D=dst
2024-01-19,0,0,https://www.xcontest.org/2025/world/en/flights-search/?filter%5Bpoint%5D=-105.031672+39.816687&filter%5Bradius%5D=50000&filter%5Bmode%5D=START&filter%5Bdate_mode%5D=dmy&filter%5Bdate%5D=2024-01-19&filter%5Bvalue_mode%5D=dst
2024-01-20,3,0.81,https://www.xcontest.org/2025/world/en/flights-search/?filter%5Bpoint%5D=-105.031672+39.816687&filter%5Bradius%5D=50000&filter%5Bmode%5D=START&filter%5Bdate_mode%5D=dmy&filter%5Bdate%5D=2024-01-20&filter%5Bvalue_mode%5D=dst
2024-01-21,1,1.82,https://www.xcontest.org/2025/world/en/flights-search/?filter%5Bpoint%5D=-105.031672+39.816687&filter%5Bradius%5D=50000&filter%5Bmode%5D=START&filter%5Bdate_mode%5D=dmy&filter%5Bdate%5D=2024-01-21&filter%5Bvalue_mode%5D=dst
2024-01-22,3,1.78,https://www.xcontest.org/2025/world/en/flights-search/?filter%5Bpoint%5D=-105.031672+39.816687&filter%5Bradius%5D=50000&filter%5Bmode%5D=START&filter%5Bdate_mode%5D=dmy&filter%5Bdate%5D=2024-01-22&filter%5Bvalue_mode%5D=dst
2024-01-23,2,2.02,https://www.xcontest.org/2025/world/en/flights-search/?filter%5Bpoint%5D=-105.031672+39.816687&filter%5Bradius%5D=50000&filter%5Bmode%5D=START&filter%5Bdate_mode%5D=dmy&filter%5Bdate%5D=2024-01-23&filter%5Bvalue_mode%5D=dst
2024-01-24,0,0,https://www.xcontest.org/2025/world/en/flights-search/?filter%5Bpoint%5D=-105.031672+39.816687&filter%5Bradius%5D=50000&filter%5Bmode%5D=START&filter%5Bdate_mode%5D=dmy&filter%5Bdate%5D=2024-01-24&filter%5Bvalue_mode%5D=dst
2024-01-25,1,3.09,https://www.xcontest.org/2025/world/en/flights-search/?filter%5Bpoint%5D=-105.031672+39.816687&filter%5Bradius%5D=50000&filter%5Bmode%5D=START&filter%5Bdate_mode%5D=dmy&filter%5Bdate%5D=2024-01-25&filter%5Bvalue_mode%5D=dst
2024-01-26,0,0,https://www.xcontest.org/2025/world/en/flights-search/?filter%5Bpoint%5D=-105.031672+39.816687&filter%5Bradius%5D=50000&filter%5Bmode%5D=START&filter%5Bdate_mode%5D=dmy&filter%5Bdate%5D=2024-01-26&filter%5Bvalue_mode%5D=dst
2024-01-27,1,1.63,https://www.xcontest.org/2025/world/en/flights-search/?filter%5Bpoint%5D=-105.031672+39.816687&filter%5Bradius%5D=50000&filter%5Bmode%5D=START&filter%5Bdate_mode%5D=dmy&filter%5Bdate%5D=2024-01-27&filter%5Bvalue_mode%5D=dst
2024-01-28,5,3.04,https://www.xcontest.org/2025/world/en/flights-search/?filter%5Bpoint%5D=-105.031672+39.816687&filter%5Bradius%5D=50000&filter%5Bmode%5D=START&filter%5Bdate_mode%5D=dmy&filter%5Bdate%5D=2024-01-28&filter%5Bvalue_mode%5D=dst
2024-01-29,5,19.71,https://www.xcontest.org/2025/world/en/flights-search/?filter%5Bpoint%5D=-105.031672+39.816687&filter%5Bradius%5D=50000&filter%5Bmode%5D=START&filter%5Bdate_mode%5D=dmy&filter%5Bdate%5D=2024-01-29&filter%5Bvalue_mode%5D=dst
2024-01-30,1,9.2,https://www.xcontest.org/2025/world/en/flights-search/?filter%5Bpoint%5D=-105.031672+39.816687&filter%5Bradius%5D=50000&filter%5Bmode%5D=START&filter%5Bdate_mode%5D=dmy&filter%5Bdate%5D=2024-01-30&filter%5Bvalue_mode%5D=dst
2024-01-31,1,1.34,https://www.xcontest.org/2025/world/en/flights-search/?filter%5Bpoint%5D=-105.031672+39.816687&filter%5Bradius%5D=50000&filter%5Bmode%5D=START&filter%5Bdate_mode%5D=dmy&filter%5Bdate%5D=2024-01-31&filter%5Bvalue_mode%5D=dst
2024-02-01,1,12.32,https://www.xcontest.org/2025/world/en/flights-search/?filter%5Bpoint%5D=-105.031672+39.816687&filter%5Bradius%5D=50000&filter%5Bmode%5D=START&filter%5Bdate_mode%5D=dmy&filter%5Bdate%5D=2024-02-01&filter%5Bvalue_mode%5D=dst
2024-02-02,0,0,https://www.xcontest.org/2025/world/en/flights-search/?filter%5Bpoint%5D=-105.031672+39.816687&filter%5Bradius%5D=50000&filter%5Bmode%5D=START&filter%5Bdate_mode%5D=dmy&filter%5Bdate%5D=2024-02-02&filter%5Bvalue_mode%5D=dst
2024-02-03,0,0,https://www.xcontest.org/2025/world/en/flights-search/?filter%5Bpoint%5D=-105.031672+39.816687&filter%5Bradius%5D=50000&filter%5Bmode%5D=START&filter%5Bdate_mode%5D=dmy&filter%5Bdate%5D=2024-02-03&filter%5Bvalue_mode%5D=dst
2024-02-04,0,0,https://www.xcontest.org/2025/world/en/flights-search/?filter%5Bpoint%5D=-105.031672+39.816687&filter%5Bradius%5D=50000&filter%5Bmode%5D=START&filter%5Bdate_mode%5D=dmy&filter%5Bdate%5D=2024-02-04&filter%5Bvalue_mode%5D=dst
2024-02-05,0,0,https://www.xcontest.org/2025/world/en/flights-search/?filter%5Bpoint%5D=-105.031672+39.816687&filter%5Bradius%5D=50000&filter%5Bmode%5D=START&filter%5Bdate_mode%5D=dmy&filter%5Bdate%5D=2024-02-05&filter%5Bvalue_mode%5D=dst
2024-02-06,0,0,https://www.xcontest.org/2025/world/en/flights-search/?filter%5Bpoint%5D=-105.031672+39.816687&filter%5Bradius%5D=50000&filter%5Bmode%5D=START&filter%5Bdate_mode%5D=dmy&filter%5Bdate%5D=2024-02-06&filter%5Bvalue_mode%5D=dst
2024-02-07,0,0,https://www.xcontest.org/2025/world/en/flights-search/?filter%5Bpoint%5D=-105.031672+39.816687&filter%5Bradius%5D=50000&filter%5Bmode%5D=START&filter%5Bdate_mode%5D=dmy&filter%5Bdate%5D=2024-02-07&filter%5Bvalue_mode%5D=dst
2024-02-08,0,0,https://www.xcontest.org/2025/world/en/flights-search/?filter%5Bpoint%5D=-105.031672+39.816687&filter%5Bradius%5D=50000&filter%5Bmode%5D=START&filter%5Bdate_mode%5D=dmy&filter%5Bdate%5D=2024-02-08&filter%5Bvalue_mode%5D=dst
2024-02-09,0,0,https://www.xcontest.org/2025/world/en/flights-search/?filter%5Bpoint%5D=-105.031672+39.816687&filter%5Bradius%5D=50000&filter%5Bmode%5D=START&filter%5Bdate_mode%5D=dmy&filter%5Bdate%5D=2024-02-09&filter%5Bvalue_mode%5D=dst
2024-02-10,0,0,https://www.xcontest.org/2025/world/en/flights-search/?filter%5Bpoint%5D=-105.031672+39.816687&filter%5Bradius%5D=50000&filter%5Bmode%5D=START&filter%5Bdate_mode%5D=dmy&filter%5Bdate%5D=2024-02-10&filter%5Bvalue_mode%5D=dst
2024-02-11,0,0,https://www.xcontest.org/2025/world/en/flights-search/?filter%5Bpoint%5D=-105.031672+39.816687&filter%5Bradius%5D=50000&filter%5Bmode%5D=START&filter%5Bdate_mode%5D=dmy&filter%5Bdate%5D=2024-02-11&filter%5Bvalue_mode%5D=dst
2024-02-12,0,0,https://www.xcontest.org/2025/world/en/flights-search/?filter%5Bpoint%5D=-105.031672+39.816687&filter%5Bradius%5D=50000&filter%5Bmode%5D=START&filter%5Bdate_mode%5D=dmy&filter%5Bdate%5D=2024-02-12&filter%5Bvalue_mode%5D=dst
2024-02-13,0,0,https://www.xcontest.org/2025/world/en/flights-search/?filter%5Bpoint%5D=-105.031672+39.816687&filter%5Bradius%5D=50000&filter%5Bmode%5D=START&filter%5Bdate_mode%5D=dmy&filter%5Bdate%5D=2024-02-13&filter%5Bvalue_mode%5D=dst
2024-02-14,0,0,https://www.xcontest.org/2025/world/en/flights-search/?filter%5Bpoint%5D=-105.031672+39.816687&filter%5Bradius%5D=50000&filter%5Bmode%5D=START&filter%5Bdate_mode%5D=dmy&filter%5Bdate%5D=2024-02-14&filter%5Bvalue_mode%5D=dst
2024-02-15,0,0,https://www.xcontest.org/2025/world/en/flights-search/?filter%5Bpoint%5D=-105.031672+39.816687&filter%5Bradius%5D=50000&filter%5Bmode%5D=START&filter%5Bdate_mode%5D=dmy&filter%5Bdate%5D=2024-02-15&filter%5Bvalue_mode%5D=dst
2024-02-16,0,0,https://www.xcontest.org/2025/world/en/flights-search/?filter%5Bpoint%5D=-105.031672+39.816687&filter%5Bradius%5D=50000&filter%5Bmode%5D=START&filter%5Bdate_mode%5D=dmy&filter%5Bdate%5D=2024-02-16&filter%5Bvalue_mode%5D=dst
2024-02-17,0,0,https://www.xcontest.org/2025/world/en/flights-search/?filter%5Bpoint%5D=-105.031672+39.816687&filter%5Bradius%5D=50000&filter%5Bmode%5D=START&filter%5Bdate_mode%5D=dmy&filter%5Bdate%5D=2024-02-17&filter%5Bvalue_mode%5D=dst
2024-02-18,0,0,https://www.xcontest.org/2025/world/en/flights-search/?filter%5Bpoint%5D=-105.031672+39.816687&filter%5Bradius%5D=50000&filter%5Bmode%5D=START&filter%5Bdate_mode%5D=dmy&filter%5Bdate%5D=2024-02-18&filter%5Bvalue_mode%5D=dst
2024-02-19,0,0,https://www.xcontest.org/2025/world/en/flights-search/?filter%5Bpoint%5D=-105.031672+39.816687&filter%5Bradius%5D=50000&filter%5Bmode%5D=START&filter%5Bdate_mode%5D=dmy&filter%5Bdate%5D=2024-02-19&filter%5Bvalue_mode%5D=dst
2024-02-20,0,0,https://www.xcontest.org/2025/world/en/flights-search/?filter%5Bpoint%5D=-105.031672+39.816687&filter%5Bradius%5D=50000&filter%5Bmode%5D=START&filter%5Bdate_mode%5D=dmy&filter%5Bdate%5D=2024-02-20&filter%5Bvalue_mode%5D=dst
2024-02-21,0,0,https://www.xcontest.org/2025/world/en/flights-search/?filter%5Bpoint%5D=-105.031672+39.816687&filter%5Bradius%5D=50000&filter%5Bmode%5D=START&filter%5Bdate_mode%5D=dmy&filter%5Bdate%5D=2024-02-21&filter%5Bvalue_mode%5D=dst
2024-02-22,2,1.57,https://www.xcontest.org/2025/world/en/flights-search/?filter%5Bpoint%5D=-105.031672+39.816687&filter%5Bradius%5D=50000&filter%5Bmode%5D=START&filter%5Bdate_mode%5D=dmy&filter%5Bdate%5D=2024-02-22&filter%5Bvalue_mode%5D=dst
2024-02-23,0,0,https://www.xcontest.org/2025/world/en/flights-search/?filter%5Bpoint%5D=-105.031672+39.816687&filter%5Bradius%5D=50000&filter%5Bmode%5D=START&filter%5Bdate_mode%5D=dmy&filter%5Bdate%5D=2024-02-23&filter%5Bvalue_mode%5D=dst
2024-02-24,0,0,https://www.xcontest.org/2025/world/en/flights-search/?filter%5Bpoint%5D=-105.031672+39.816687&filter%5Bradius%5D=50000&filter%5Bmode%5D=START&filter%5Bdate_mode%5D=dmy&filter%5Bdate%5D=2024-02-24&filter%5Bvalue_mode%5D=dst
2024-02-25,0,0,https://www.xcontest.org/2025/world/en/flights-search/?filter%5Bpoint%5D=-105.031672+39.816687&filter%5Bradius%5D=50000&filter%5Bmode%5D=START&filter%5Bdate_mode%5D=dmy&filter%5Bdate%5D=2024-02-25&filter%5Bvalue_mode%5D=dst
2024-02-26,0,0,https://www.xcontest.org/2025/world/en/flights-search/?filter%5Bpoint%5D=-105.031672+39.816687&filter%5Bradius%5D=50000&filter%5Bmode%5D=START&filter%5Bdate_mode%5D=dmy&filter%5Bdate%5D=2024-02-26&filter%5Bvalue_mode%5D=dst
2024-02-27,0,0,https://www.xcontest.org/2025/world/en/flights-search/?filter%5Bpoint%5D=-105.031672+39.816687&filter%5Bradius%5D=50000&filter%5Bmode%5D=START&filter%5Bdate_mode%5D=dmy&filter%5Bdate%5D=2024-02-27&filter%5Bvalue_mode%5D=dst
2024-02-28,0,0,https://www.xcontest.org/2025/world/en/flights-search/?filter%5Bpoint%5D=-105.031672+39.816687&filter%5Bradius%5D=50000&filter%5Bmode%5D=START&filter%5Bdate_mode%5D=dmy&filter%5Bdate%5D=2024-02-28&filter%5Bvalue_mode%5D=dst
2024-02-29,0,0,https://www.xcontest.org/2025/world/en/flights-search/?filter%5Bpoint%5D=-105.031672+39.816687&filter%5Bradius%5D=50000&filter%5Bmode%5D=START&filter%5Bdate_mode%5D=dmy&filter%5Bdate%5D=2024-02-29&filter%5Bvalue_mode%5D=dst
2024-03-01,0,0,https://www.xcontest.org/2025/world/en/flights-search/?filter%5Bpoint%5D=-105.031672+39.816687&filter%5Bradius%5D=50000&filter%5Bmode%5D=START&filter%5Bdate_mode%5D=dmy&filter%5Bdate%5D=2024-03-01&filter%5Bvalue_mode%5D=dst
2024-03-02,0,0,https://www.xcontest.org/2025/world/en/flights-search/?filter%5Bpoint%5D=-105.031672+39.816687&filter%5Bradius%5D=50000&filter%5Bmode%5D=START&filter%5Bdate_mode%5D=dmy&filter%5Bdate%5D=2024-03-02&filter%5Bvalue_mode%5D=dst
2024-03-03,0,0,https://www.xcontest.org/2025/world/en/flights-search/?filter%5Bpoint%5D=-105.031672+39.816687&filter%5Bradius%5D=50000&filter%5Bmode%5D=START&filter%5Bdate_mode%5D=dmy&filter%5Bdate%5D=2024-03-03&filter%5Bvalue_mode%5D=dst
2024-03-04,0,0,https://www.xcontest.org/2025/world/en/flights-search/?filter%5Bpoint%5D=-105.031672+39.816687&filter%5Bradius%5D=50000&filter%5Bmode%5D=START&filter%5Bdate_mode%5D=dmy&filter%5Bdate%5D=2024-03-04&filter%5Bvalue_mode%5D=dst
2024-03-05,0,0,https://www.xcontest.org/2025/world/en/flights-search/?filter%5Bpoint%5D=-105.031672+39.816687&filter%5Bradius%5D=50000&filter%5Bmode%5D=START&filter%5Bdate_mode%5D=dmy&filter%5Bdate%5D=2024-03-05&filter%5Bvalue_mode%5D=dst
2024-03-06,0,0,https://www.xcontest.org/2025/world/en/flights-search/?filter%5Bpoint%5D=-105.031672+39.816687&filter%5Bradius%5D=50000&filter%5Bmode%5D=START&filter%5Bdate_mode%5D=dmy&filter%5Bdate%5D=2024-03-06&filter%5Bvalue_mode%5D=dst
2024-03-07,1,4.24,https://www.xcontest.org/2025/world/en/flights-search/?filter%5Bpoint%5D=-105.031672+39.816687&filter%5Bradius%5D=50000&filter%5Bmode%5D=START&filter%5Bdate_mode%5D=dmy&filter%5Bdate%5D=2024-03-07&filter%5Bvalue_mode%5D=dst
2024-03-08,0,0,https://www.xcontest.org/2025/world/en/flights-search/?filter%5Bpoint%5D=-105.031672+39.816687&filter%5Bradius%5D=50000&filter%5Bmode%5D=START&filter%5Bdate_mode%5D=dmy&filter%5Bdate%5D=2024-03-08&filter%5Bvalue_mode%5D=dst
2024-03-09,6,14.6,https://www.xcontest.org/2025/world/en/flights-search/?filter%5Bpoint%5D=-105.031672+39.816687&filter%5Bradius%5D=50000&filter%5Bmode%5D=START&filter%5Bdate_mode%5D=dmy&filter%5Bdate%5D=2024-03-09&filter%5Bvalue_mode%5D=dst
2024-03-10,0,0,https://www.xcontest.org/2025/world/en/flights-search/?filter%5Bpoint%5D=-105.031672+39.816687&filter%5Bradius%5D=50000&filter%5Bmode%5D=START&filter%5Bdate_mode%5D=dmy&filter%5Bdate%5D=2024-03-10&filter%5Bvalue_mode%5D=dst
2024-03-11,0,0,https://www.xcontest.org/2025/world/en/flights-search/?filter%5Bpoint%5D=-105.031672+39.816687&filter%5Bradius%5D=50000&filter%5Bmode%5D=START&filter%5Bdate_mode%5D=dmy&filter%5Bdate%5D=2024-03-11&filter%5Bvalue_mode%5D=dst
2024-03-12,0,0,https://www.xcontest.org/2025/world/en/flights-search/?filter%5Bpoint%5D=-105.031672+39.816687&filter%5Bradius%5D=50000&filter%5Bmode%5D=START&filter%5Bdate_mode%5D=dmy&filter%5Bdate%5D=2024-03-12&filter%5Bvalue_mode%5D=dst
2024-03-13,2,1.91,https://www.xcontest.org/2025/world/en/flights-search/?filter%5Bpoint%5D=-105.031672+39.816687&filter%5Bradius%5D=50000&filter%5Bmode%5D=START&filter%5Bdate_mode%5D=dmy&filter%5Bdate%5D=2024-03-13&filter%5Bvalue_mode%5D=dst
2024-03-14,0,0,https://www.xcontest.org/2025/world/en/flights-search/?filter%5Bpoint%5D=-105.031672+39.816687&filter%5Bradius%5D=50000&filter%5Bmode%5D=START&filter%5Bdate_mode%5D=dmy&filter%5Bdate%5D=2024-03-14&filter%5Bvalue_mode%5D=dst
2024-03-15,0,0,https://www.xcontest.org/2025/world/en/flights-search/?filter%5Bpoint%5D=-105.031672+39.816687&filter%5Bradius%5D=50000&filter%5Bmode%5D=START&filter%5Bdate_mode%5D=dmy&filter%5Bdate%5D=2024-03-15&filter%5Bvalue_mode%5D=dst
2024-03-16,1,0.95,https://www.xcontest.org/2025/world/en/flights-search/?filter%5Bpoint%5D=-105.031672+39.816687&filter%5Bradius%5D=50000&filter%5Bmode%5D=START&filter%5Bdate_mode%5D=dmy&filter%5Bdate%5D=2024-03-16&filter%5Bvalue_mode%5D=dst
2024-03-17,0,0,https://www.xcontest.org/2025/world/en/flights-search/?filter%5Bpoint%5D=-105.031672+39.816687&filter%5Bradius%5D=50000&filter%5Bmode%5D=START&filter%5Bdate_mode%5D=dmy&filter%5Bdate%5D=2024-03-17&filter%5Bvalue_mode%5D=dst
2024-03-18,0,0,https://www.xcontest.org/2025/world/en/flights-search/?filter%5Bpoint%5D=-105.031672+39.816687&filter%5Bradius%5D=50000&filter%5Bmode%5D=START&filter%5Bdate_mode%5D=dmy&filter%5Bdate%5D=2024-03-18&filter%5Bvalue_mode%5D=dst
2024-03-19,4,68.38,https://www.xcontest.org/2025/world/en/flights-search/?filter%5Bpoint%5D=-105.031672+39.816687&filter%5Bradius%5D=50000&filter%5Bmode%5D=START&filter%5Bdate_mode%5D=dmy&filter%5Bdate%5D=2024-03-19&filter%5Bvalue_mode%5D=dst
2024-03-20,2,14.7,https://www.xcontest.org/2025/world/en/flights-search/?filter%5Bpoint%5D=-105.031672+39.816687&filter%5Bradius%5D=50000&filter%5Bmode%5D=START&filter%5Bdate_mode%5D=dmy&filter%5Bdate%5D=2024-03-20&filter%5Bvalue_mode%5D=dst
2024-03-21,0,0,https://www.xcontest.org/2025/world/en/flights-search/?filter%5Bpoint%5D=-105.031672+39.816687&filter%5Bradius%5D=50000&filter%5Bmode%5D=START&filter%5Bdate_mode%5D=dmy&filter%5Bdate%5D=2024-03-21&filter%5Bvalue_mode%5D=dst
2024-03-22,5,103.03,https://www.xcontest.org/2025/world/en/flights-search/?filter%5Bpoint%5D=-105.031672+39.816687&filter%5Bradius%5D=50000&filter%5Bmode%5D=START&filter%5Bdate_mode%5D=dmy&filter%5Bdate%5D=2024-03-22&filter%5Bvalue_mode%5D=dst
2024-03-23,0,0,https://www.xcontest.org/2025/world/en/flights-search/?filter%5Bpoint%5D=-105.031672+39.816687&filter%5Bradius%5D=50000&filter%5Bmode%5D=START&filter%5Bdate_mode%5D=dmy&filter%5Bdate%5D=2024-03-23&filter%5Bvalue_mode%5D=dst
2024-03-24,2,1.71,https://www.xcontest.org/2025/world/en/flights-search/?filter%5Bpoint%5D=-105.031672+39.816687&filter%5Bradius%5D=50000&filter%5Bmode%5D=START&filter%5Bdate_mode%5D=dmy&filter%5Bdate%5D=2024-03-24&filter%5Bvalue_mode%5D=dst
2024-03-25,0,0,https://www.xcontest.org/2025/world/en/flights-search/?filter%5Bpoint%5D=-105.031672+39.816687&filter%5Bradius%5D=50000&filter%5Bmode%5D=START&filter%5Bdate_mode%5D=dmy&filter%5Bdate%5D=2024-03-25&filter%5Bvalue_mode%5D=dst
2024-03-26,0,0,https://www.xcontest.org/2025/world/en/flights-search/?filter%5Bpoint%5D=-105.031672+39.816687&filter%5Bradius%5D=50000&filter%5Bmode%5D=START&filter%5Bdate_mode%5D=dmy&filter%5Bdate%5D=2024-03-26&filter%5Bvalue_mode%5D=dst
2024-03-27,0,0,https://www.xcontest.org/2025/world/en/flights-search/?filter%5Bpoint%5D=-105.031672+39.816687&filter%5Bradius%5D=50000&filter%5Bmode%5D=START&filter%5Bdate_mode%5D=dmy&filter%5Bdate%5D=2024-03-27&filter%5Bvalue_mode%5D=dst
2024-03-28,0,0,https://www.xcontest.org/2025/world/en/flights-search/?filter%5Bpoint%5D=-105.031672+39.816687&filter%5Bradius%5D=50000&filter%5Bmode%5D=START&filter%5Bdate_mode%5D=dmy&filter%5Bdate%5D=2024-03-28&filter%5Bvalue_mode%5D=dst
2024-03-29,0,0,https://www.xcontest.org/2025/world/en/flights-search/?filter%5Bpoint%5D=-105.031672+39.816687&filter%5Bradius%5D=50000&filter%5Bmode%5D=START&filter%5Bdate_mode%5D=dmy&filter%5Bdate%5D=2024-03-29&filter%5Bvalue_mode%5D=dst
2024-03-30,3,2.53,https://www.xcontest.org/2025/world/en/flights-search/?filter%5Bpoint%5D=-105.031672+39.816687&filter%5Bradius%5D=50000&filter%5Bmode%5D=START&filter%5Bdate_mode%5D=dmy&filter%5Bdate%5D=2024-03-30&filter%5Bvalue_mode%5D=dst
2024-03-31,0,0,https://www.xcontest.org/2025/world/en/flights-search/?filter%5Bpoint%5D=-105.031672+39.816687&filter%5Bradius%5D=50000&filter%5Bmode%5D=START&filter%5Bdate_mode%5D=dmy&filter%5Bdate%5D=2024-03-31&filter%5Bvalue_mode%5D=dst
2024-04-01,0,0,https://www.xcontest.org/2025/world/en/flights-search/?filter%5Bpoint%5D=-105.031672+39.816687&filter%5Bradius%5D=50000&filter%5Bmode%5D=START&filter%5Bdate_mode%5D=dmy&filter%5Bdate%5D=2024-04-01&filter%5Bvalue_mode%5D=dst
2024-04-02,3,29.79,https://www.xcontest.org/2025/world/en/flights-search/?filter%5Bpoint%5D=-105.031672+39.816687&filter%5Bradius%5D=50000&filter%5Bmode%5D=START&filter%5Bdate_mode%5D=dmy&filter%5Bdate%5D=2024-04-02&filter%5Bvalue_mode%5D=dst
2024-04-03,0,0,https://www.xcontest.org/2025/world/en/flights-search/?filter%5Bpoint%5D=-105.031672+39.816687&filter%5Bradius%5D=50000&filter%5Bmode%5D=START&filter%5Bdate_mode%5D=dmy&filter%5Bdate%5D=2024-04-03&filter%5Bvalue_mode%5D=dst
2024-04-04,17,134.37,https://www.xcontest.org/2025/world/en/flights-search/?filter%5Bpoint%5D=-105.031672+39.816687&filter%5Bradius%5D=50000&filter%5Bmode%5D=START&filter%5Bdate_mode%5D=dmy&filter%5Bdate%5D=2024-04-04&filter%5Bvalue_mode%5D=dst
2024-04-05,0,0,https://www.xcontest.org/2025/world/en/flights-search/?filter%5Bpoint%5D=-105.031672+39.816687&filter%5Bradius%5D=50000&filter%5Bmode%5D=START&filter%5Bdate_mode%5D=dmy&filter%5Bdate%5D=2024-04-05&filter%5Bvalue_mode%5D=dst
2024-04-06,0,0,https://www.xcontest.org/2025/world/en/flights-search/?filter%5Bpoint%5D=-105.031672+39.816687&filter%5Bradius%5D=50000&filter%5Bmode%5D=START&filter%5Bdate_mode%5D=dmy&filter%5Bdate%5D=2024-04-06&filter%5Bvalue_mode%5D=dst
2024-04-07,0,0,https://www.xcontest.org/2025/world/en/flights-search/?filter%5Bpoint%5D=-105.031672+39.816687&filter%5Bradius%5D=50000&filter%5Bmode%5D=START&filter%5Bdate_mode%5D=dmy&filter%5Bdate%5D=2024-04-07&filter%5Bvalue_mode%5D=dst
2024-04-08,0,0,https://www.xcontest.org/2025/world/en/flights-search/?filter%5Bpoint%5D=-105.031672+39.816687&filter%5Bradius%5D=50000&filter%5Bmode%5D=START&filter%5Bdate_mode%5D=dmy&filter%5Bdate%5D=2024-04-08&filter%5Bvalue_mode%5D=dst
2024-04-09,18,81.37,https://www.xcontest.org/2025/world/en/flights-search/?filter%5Bpoint%5D=-105.031672+39.816687&filter%5Bradius%5D=50000&filter%5Bmode%5D=START&filter%5Bdate_mode%5D=dmy&filter%5Bdate%5D=2024-04-09&filter%5Bvalue_mode%5D=dst
2024-04-10,0,0,https://www.xcontest.org/2025/world/en/flights-search/?filter%5Bpoint%5D=-105.031672+39.816687&filter%5Bradius%5D=50000&filter%5Bmode%5D=START&filter%5Bdate_mode%5D=dmy&filter%5Bdate%5D=2024-04-10&filter%5Bvalue_mode%5D=dst
2024-04-11,9,91.01,https://www.xcontest.org/2025/world/en/flights-search/?filter%5Bpoint%5D=-105.031672+39.816687&filter%5Bradius%5D=50000&filter%5Bmode%5D=START&filter%5Bdate_mode%5D=dmy&filter%5Bdate%5D=2024-04-11&filter%5Bvalue_mode%5D=dst
2024-04-12,13,288.84,https://www.xcontest.org/2025/world/en/flights-search/?filter%5Bpoint%5D=-105.031672+39.816687&filter%5Bradius%5D=50000&filter%5Bmode%5D=START&filter%5Bdate_mode%5D=dmy&filter%5Bdate%5D=2024-04-12&filter%5Bvalue_mode%5D=dst
2024-04-13,0,0,https://www.xcontest.org/2025/world/en/flights-search/?filter%5Bpoint%5D=-105.031672+39.816687&filter%5Bradius%5D=50000&filter%5Bmode%5D=START&filter%5Bdate_mode%5D=dmy&filter%5Bdate%5D=2024-04-13&filter%5Bvalue_mode%5D=dst
2024-04-14,24,344.46,https://www.xcontest.org/2025/world/en/flights-search/?filter%5Bpoint%5D=-105.031672+39.816687&filter%5Bradius%5D=50000&filter%5Bmode%5D=START&filter%5Bdate_mode%5D=dmy&filter%5Bdate%5D=2024-04-14&filter%5Bvalue_mode%5D=dst
2024-04-15,0,0,https://www.xcontest.org/2025/world/en/flights-search/?filter%5Bpoint%5D=-105.031672+39.816687&filter%5Bradius%5D=50000&filter%5Bmode%5D=START&filter%5Bdate_mode%5D=dmy&filter%5Bdate%5D=2024-04-15&filter%5Bvalue_mode%5D=dst
2024-04-16,0,0,https://www.xcontest.org/2025/world/en/flights-search/?filter%5Bpoint%5D=-105.031672+39.816687&filter%5Bradius%5D=50000&filter%5Bmode%5D=START&filter%5Bdate_mode%5D=dmy&filter%5Bdate%5D=2024-04-16&filter%5Bvalue_mode%5D=dst
2024-04-17,0,0,https://www.xcontest.org/2025/world/en/flights-search/?filter%5Bpoint%5D=-105.031672+39.816687&filter%5Bradius%5D=50000&filter%5Bmode%5D=START&filter%5Bdate_mode%5D=dmy&filter%5Bdate%5D=2024-04-17&filter%5Bvalue_mode%5D=dst
2024-04-18,0,0,https://www.xcontest.org/2025/world/en/flights-search/?filter%5Bpoint%5D=-105.031672+39.816687&filter%5Bradius%5D=50000&filter%5Bmode%5D=START&filter%5Bdate_mode%5D=dmy&filter%5Bdate%5D=2024-04-18&filter%5Bvalue_mode%5D=dst
2024-04-19,0,0,https://www.xcontest.org/2025/world/en/flights-search/?filter%5Bpoint%5D=-105.031672+39.816687&filter%5Bradius%5D=50000&filter%5Bmode%5D=START&filter%5Bdate_mode%5D=dmy&filter%5Bdate%5D=2024-04-19&filter%5Bvalue_mode%5D=dst
2024-04-20,0,0,https://www.xcontest.org/2025/world/en/flights-search/?filter%5Bpoint%5D=-105.031672+39.816687&filter%5Bradius%5D=50000&filter%5Bmode%5D=START&filter%5Bdate_mode%5D=dmy&filter%5Bdate%5D=2024-04-20&filter%5Bvalue_mode%5D=dst
2024-04-21,1,2.37,https://www.xcontest.org/2025/world/en/flights-search/?filter%5Bpoint%5D=-105.031672+39.816687&filter%5Bradius%5D=50000&filter%5Bmode%5D=START&filter%5Bdate_mode%5D=dmy&filter%5Bdate%5D=2024-04-21&filter%5Bvalue_mode%5D=dst
2024-04-22,0,0,https://www.xcontest.org/2025/world/en/flights-search/?filter%5Bpoint%5D=-105.031672+39.816687&filter%5Bradius%5D=50000&filter%5Bmode%5D=START&filter%5Bdate_mode%5D=dmy&filter%5Bdate%5D=2024-04-22&filter%5Bvalue_mode%5D=dst
2024-04-23,12,104.3,https://www.xcontest.org/2025/world/en/flights-search/?filter%5Bpoint%5D=-105.031672+39.816687&filter%5Bradius%5D=50000&filter%5Bmode%5D=START&filter%5Bdate_mode%5D=dmy&filter%5Bdate%5D=2024-04-23&filter%5Bvalue_mode%5D=dst
2024-04-24,5,17.8,https://www.xcontest.org/2025/world/en/flights-search/?filter%5Bpoint%5D=-105.031672+39.816687&filter%5Bradius%5D=50000&filter%5Bmode%5D=START&filter%5Bdate_mode%5D=dmy&filter%5Bdate%5D=2024-04-24&filter%5Bvalue_mode%5D=dst
2024-04-25,0,0,https://www.xcontest.org/2025/world/en/flights-search/?filter%5Bpoint%5D=-105.031672+39.816687&filter%5Bradius%5D=50000&filter%5Bmode%5D=START&filter%5Bdate_mode%5D=dmy&filter%5Bdate%5D=2024-04-25&filter%5Bvalue_mode%5D=dst
2024-04-26,0,0,https://www.xcontest.org/2025/world/en/flights-search/?filter%5Bpoint%5D=-105.031672+39.816687&filter%5Bradius%5D=50000&filter%5Bmode%5D=START&filter%5Bdate_mode%5D=dmy&filter%5Bdate%5D=2024-04-26&filter%5Bvalue_mode%5D=dst
2024-04-27,0,0,https://www.xcontest.org/2025/world/en/flights-search/?filter%5Bpoint%5D=-105.031672+39.816687&filter%5Bradius%5D=50000&filter%5Bmode%5D=START&filter%5Bdate_mode%5D=dmy&filter%5Bdate%5D=2024-04-27&filter%5Bvalue_mode%5D=dst
2024-04-28,0,0,https://www.xcontest.org/2025/world/en/flights-search/?filter%5Bpoint%5D=-105.031672+39.816687&filter%5Bradius%5D=50000&filter%5Bmode%5D=START&filter%5Bdate_mode%5D=dmy&filter%5Bdate%5D=2024-04-28&filter%5Bvalue_mode%5D=dst
2024-04-29,0,0,https://www.xcontest.org/2025/world/en/flights-search/?filter%5Bpoint%5D=-105.031672+39.816687&filter%5Bradius%5D=50000&filter%5Bmode%5D=START&filter%5Bdate_mode%5D=dmy&filter%5Bdate%5D=2024-04-29&filter%5Bvalue_mode%5D=dst
2024-04-30,0,0,https://www.xcontest.org/2025/world/en/flights-search/?filter%5Bpoint%5D=-105.031672+39.816687&filter%5Bradius%5D=50000&filter%5Bmode%5D=START&filter%5Bdate_mode%5D=dmy&filter%5Bdate%5D=2024-04-30&filter%5Bvalue_mode%5D=dst
2024-05-01,1,4.8,https://www.xcontest.org/2025/world/en/flights-search/?filter%5Bpoint%5D=-105.031672+39.816687&filter%5Bradius%5D=50000&filter%5Bmode%5D=START&filter%5Bdate_mode%5D=dmy&filter%5Bdate%5D=2024-05-01&filter%5Bvalue_mode%5D=dst
2024-05-02,0,0,https://www.xcontest.org/2025/world/en/flights-search/?filter%5Bpoint%5D=-105.031672+39.816687&filter%5Bradius%5D=50000&filter%5Bmode%5D=START&filter%5Bdate_mode%5D=dmy&filter%5Bdate%5D=2024-05-02&filter%5Bvalue_mode%5D=dst
2024-05-03,0,0,https://www.xcontest.org/2025/world/en/flights-search/?filter%5Bpoint%5D=-105.031672+39.816687&filter%5Bradius%5D=50000&filter%5Bmode%5D=START&filter%5Bdate_mode%5D=dmy&filter%5Bdate%5D=2024-05-03&filter%5Bvalue_mode%5D=dst
2024-05-04,23,67.32,https://www.xcontest.org/2025/world/en/flights-search/?filter%5Bpoint%5D=-105.031672+39.816687&filter%5Bradius%5D=50000&filter%5Bmode%5D=START&filter%5Bdate_mode%5D=dmy&filter%5Bdate%5D=2024-05-04&filter%5Bvalue_mode%5D=dst
2024-05-05,0,0,https://www.xcontest.org/2025/world/en/flights-search/?filter%5Bpoint%5D=-105.031672+39.816687&filter%5Bradius%5D=50000&filter%5Bmode%5D=START&filter%5Bdate_mode%5D=dmy&filter%5Bdate%5D=2024-05-05&filter%5Bvalue_mode%5D=dst
2024-05-06,0,0,https://www.xcontest.org/2025/world/en/flights-search/?filter%5Bpoint%5D=-105.031672+39.816687&filter%5Bradius%5D=50000&filter%5Bmode%5D=START&filter%5Bdate_mode%5D=dmy&filter%5Bdate%5D=2024-05-06&filter%5Bvalue_mode%5D=dst
2024-05-07,0,0,https://www.xcontest.org/2025/world/en/flights-search/?filter%5Bpoint%5D=-105.031672+39.816687&filter%5Bradius%5D=50000&filter%5Bmode%5D=START&filter%5Bdate_mode%5D=dmy&filter%5Bdate%5D=2024-05-07&filter%5Bvalue_mode%5D=dst
2024-05-08,0,0,https://www.xcontest.org/2025/world/en/flights-search/?filter%5Bpoint%5D=-105.031672+39.816687&filter%5Bradius%5D=50000&filter%5Bmode%5D=START&filter%5Bdate_mode%5D=dmy&filter%5Bdate%5D=2024-05-08&filter%5Bvalue_mode%5D=dst
2024-05-09,0,0,https://www.xcontest.org/2025/world/en/flights-search/?filter%5Bpoint%5D=-105.031672+39.816687&filter%5Bradius%5D=50000&filter%5Bmode%5D=START&filter%5Bdate_mode%5D=dmy&filter%5Bdate%5D=2024-05-09&filter%5Bvalue_mode%5D=dst
2024-05-10,0,0,https://www.xcontest.org/2025/world/en/flights-search/?filter%5Bpoint%5D=-105.031672+39.816687&filter%5Bradius%5D=50000&filter%5Bmode%5D=START&filter%5Bdate_mode%5D=dmy&filter%5Bdate%5D=2024-05-10&filter%5Bvalue_mode%5D=dst
2024-05-11,24,56.31,https://www.xcontest.org/2025/world/en/flights-search/?filter%5Bpoint%5D=-105.031672+39.816687&filter%5Bradius%5D=50000&filter%5Bmode%5D=START&filter%5Bdate_mode%5D=dmy&filter%5Bdate%5D=2024-05-11&filter%5Bvalue_mode%5D=dst
2024-05-12,1,5.51,https://www.xcontest.org/2025/world/en/flights-search/?filter%5Bpoint%5D=-105.031672+39.816687&filter%5Bradius%5D=50000&filter%5Bmode%5D=START&filter%5Bdate_mode%5D=dmy&filter%5Bdate%5D=2024-05-12&filter%5Bvalue_mode%5D=dst
2024-05-13,7,48.35,https://www.xcontest.org/2025/world/en/flights-search/?filter%5Bpoint%5D=-105.031672+39.816687&filter%5Bradius%5D=50000&filter%5Bmode%5D=START&filter%5Bdate_mode%5D=dmy&filter%5Bdate%5D=2024-05-13&filter%5Bvalue_mode%5D=dst
2024-05-14,0,0,https://www.xcontest.org/2025/world/en/flights-search/?filter%5Bpoint%5D=-105.031672+39.816687&filter%5Bradius%5D=50000&filter%5Bmode%5D=START&filter%5Bdate_mode%5D=dmy&filter%5Bdate%5D=2024-05-14&filter%5Bvalue_mode%5D=dst
2024-05-15,0,0,https://www.xcontest.org/2025/world/en/flights-search/?filter%5Bpoint%5D=-105.031672+39.816687&filter%5Bradius%5D=50000&filter%5Bmode%5D=START&filter%5Bdate_mode%5D=dmy&filter%5Bdate%5D=2024-05-15&filter%5Bvalue_mode%5D=dst
2024-05-16,29,123.83,https://www.xcontest.org/2025/world/en/flights-search/?filter%5Bpoint%5D=-105.031672+39.816687&filter%5Bradius%5D=50000&filter%5Bmode%5D=START&filter%5Bdate_mode%5D=dmy&filter%5Bdate%5D=2024-05-16&filter%5Bvalue_mode%5D=dst
2024-05-17,1,1.8,https://www.xcontest.org/2025/world/en/flights-search/?filter%5Bpoint%5D=-105.031672+39.816687&filter%5Bradius%5D=50000&filter%5Bmode%5D=START&filter%5Bdate_mode%5D=dmy&filter%5Bdate%5D=2024-05-17&filter%5Bvalue_mode%5D=dst
2024-05-18,9,8.77,https://www.xcontest.org/2025/world/en/flights-search/?filter%5Bpoint%5D=-105.031672+39.816687&filter%5Bradius%5D=50000&filter%5Bmode%5D=START&filter%5Bdate_mode%5D=dmy&filter%5Bdate%5D=2024-05-18&filter%5Bvalue_mode%5D=dst
2024-05-19,0,0,https://www.xcontest.org/2025/world/en/flights-search/?filter%5Bpoint%5D=-105.031672+39.816687&filter%5Bradius%5D=50000&filter%5Bmode%5D=START&filter%5Bdate_mode%5D=dmy&filter%5Bdate%5D=2024-05-19&filter%5Bvalue_mode%5D=dst
2024-05-20,14,58.08,https://www.xcontest.org/2025/world/en/flights-search/?filter%5Bpoint%5D=-105.031672+39.816687&filter%5Bradius%5D=50000&filter%5Bmode%5D=START&filter%5Bdate_mode%5D=dmy&filter%5Bdate%5D=2024-05-20&filter%5Bvalue_mode%5D=dst
2024-05-21,1,4.82,https://www.xcontest.org/2025/world/en/flights-search/?filter%5Bpoint%5D=-105.031672+39.816687&filter%5Bradius%5D=50000&filter%5Bmode%5D=START&filter%5Bdate_mode%5D=dmy&filter%5Bdate%5D=2024-05-21&filter%5Bvalue_mode%5D=dst
2024-05-22,6,190.92,https://www.xcontest.org/2025/world/en/flights-search/?filter%5Bpoint%5D=-105.031672+39.816687&filter%5Bradius%5D=50000&filter%5Bmode%5D=START&filter%5Bdate_mode%5D=dmy&filter%5Bdate%5D=2024-05-22&filter%5Bvalue_mode%5D=dst
2024-05-23,0,0,https://www.xcontest.org/2025/world/en/flights-search/?filter%5Bpoint%5D=-105.031672+39.816687&filter%5Bradius%5D=50000&filter%5Bmode%5D=START&filter%5Bdate_mode%5D=dmy&filter%5Bdate%5D=2024-05-23&filter%5Bvalue_mode%5D=dst
2024-05-24,5,29.16,https://www.xcontest.org/2025/world/en/flights-search/?filter%5Bpoint%5D=-105.031672+39.816687&filter%5Bradius%5D=50000&filter%5Bmode%5D=START&filter%5Bdate_mode%5D=dmy&filter%5Bdate%5D=2024-05-24&filter%5Bvalue_mode%5D=dst
2024-05-25,1,8.59,https://www.xcontest.org/2025/world/en/flights-search/?filter%5Bpoint%5D=-105.031672+39.816687&filter%5Bradius%5D=50000&filter%5Bmode%5D=START&filter%5Bdate_mode%5D=dmy&filter%5Bdate%5D=2024-05-25&filter%5Bvalue_mode%5D=dst
2024-05-26,0,0,https://www.xcontest.org/2025/world/en/flights-search/?filter%5Bpoint%5D=-105.031672+39.816687&filter%5Bradius%5D=50000&filter%5Bmode%5D=START&filter%5Bdate_mode%5D=dmy&filter%5Bdate%5D=2024-05-26&filter%5Bvalue_mode%5D=dst
2024-05-27,2,37.93,https://www.xcontest.org/2025/world/en/flights-search/?filter%5Bpoint%5D=-105.031672+39.816687&filter%5Bradius%5D=50000&filter%5Bmode%5D=START&filter%5Bdate_mode%5D=dmy&filter%5Bdate%5D=2024-05-27&filter%5Bvalue_mode%5D=dst
2024-05-28,15,99.64,https://www.xcontest.org/2025/world/en/flights-search/?filter%5Bpoint%5D=-105.031672+39.816687&filter%5Bradius%5D=50000&filter%5Bmode%5D=START&filter%5Bdate_mode%5D=dmy&filter%5Bdate%5D=2024-05-28&filter%5Bvalue_mode%5D=dst
2024-05-29,2,0.97,https://www.xcontest.org/2025/world/en/flights-search/?filter%5Bpoint%5D=-105.031672+39.816687&filter%5Bradius%5D=50000&filter%5Bmode%5D=START&filter%5Bdate_mode%5D=dmy&filter%5Bdate%5D=2024-05-29&filter%5Bvalue_mode%5D=dst
2024-05-30,11,53.0,https://www.xcontest.org/2025/world/en/flights-search/?filter%5Bpoint%5D=-105.031672+39.816687&filter%5Bradius%5D=50000&filter%5Bmode%5D=START&filter%5Bdate_mode%5D=dmy&filter%5Bdate%5D=2024-05-30&filter%5Bvalue_mode%5D=dst
2024-05-31,6,6.58,https://www.xcontest.org/2025/world/en/flights-search/?filter%5Bpoint%5D=-105.031672+39.816687&filter%5Bradius%5D=50000&filter%5Bmode%5D=START&filter%5Bdate_mode%5D=dmy&filter%5Bdate%5D=2024-05-31&filter%5Bvalue_mode%5D=dst
2024-06-01,4,5.0,https://www.xcontest.org/2025/world/en/flights-search/?filter%5Bpoint%5D=-105.031672+39.816687&filter%5Bradius%5D=50000&filter%5Bmode%5D=START&filter%5Bdate_mode%5D=dmy&filter%5Bdate%5D=2024-06-01&filter%5Bvalue_mode%5D=dst
2024-06-02,0,0,https://www.xcontest.org/2025/world/en/flights-search/?filter%5Bpoint%5D=-105.031672+39.816687&filter%5Bradius%5D=50000&filter%5Bmode%5D=START&filter%5Bdate_mode%5D=dmy&filter%5Bdate%5D=2024-06-02&filter%5Bvalue_mode%5D=dst
2024-06-03,0,0,https://www.xcontest.org/2025/world/en/flights-search/?filter%5Bpoint%5D=-105.031672+39.816687&filter%5Bradius%5D=50000&filter%5Bmode%5D=START&filter%5Bdate_mode%5D=dmy&filter%5Bdate%5D=2024-06-03&filter%5Bvalue_mode%5D=dst
2024-06-04,0,0,https://www.xcontest.org/2025/world/en/flights-search/?filter%5Bpoint%5D=-105.031672+39.816687&filter%5Bradius%5D=50000&filter%5Bmode%5D=START&filter%5Bdate_mode%5D=dmy&filter%5Bdate%5D=2024-06-04&filter%5Bvalue_mode%5D=dst
2024-06-05,0,0,https://www.xcontest.org/2025/world/en/flights-search/?filter%5Bpoint%5D=-105.031672+39.816687&filter%5Bradius%5D=50000&filter%5Bmode%5D=START&filter%5Bdate_mode%5D=dmy&filter%5Bdate%5D=2024-06-05&filter%5Bvalue_mode%5D=dst
2024-06-06,38,97.48,https://www.xcontest.org/2025/world/en/flights-search/?filter%5Bpoint%5D=-105.031672+39.816687&filter%5Bradius%5D=50000&filter%5Bmode%5D=START&filter%5Bdate_mode%5D=dmy&filter%5Bdate%5D=2024-06-06&filter%5Bvalue_mode%5D=dst
2024-06-07,0,0,https://www.xcontest.org/2025/world/en/flights-search/?filter%5Bpoint%5D=-105.031672+39.816687&filter%5Bradius%5D=50000&filter%5Bmode%5D=START&filter%5Bdate_mode%5D=dmy&filter%5Bdate%5D=2024-06-07&filter%5Bvalue_mode%5D=dst
2024-06-08,14,17.99,https://www.xcontest.org/2025/world/en/flights-search/?filter%5Bpoint%5D=-105.031672+39.816687&filter%5Bradius%5D=50000&filter%5Bmode%5D=START&filter%5Bdate_mode%5D=dmy&filter%5Bdate%5D=2024-06-08&filter%5Bvalue_mode%5D=dst
2024-06-09,17,44.75,https://www.xcontest.org/2025/world/en/flights-search/?filter%5Bpoint%5D=-105.031672+39.816687&filter%5Bradius%5D=50000&filter%5Bmode%5D=START&filter%5Bdate_mode%5D=dmy&filter%5Bdate%5D=2024-06-09&filter%5Bvalue_mode%5D=dst
2024-06-10,11,2.83,https://www.xcontest.org/2025/world/en/flights-search/?filter%5Bpoint%5D=-105.031672+39.816687&filter%5Bradius%5D=50000&filter%5Bmode%5D=START&filter%5Bdate_mode%5D=dmy&filter%5Bdate%5D=2024-06-10&filter%5Bvalue_mode%5D=dst
2024-06-11,23,116.29,https://www.xcontest.org/2025/world/en/flights-search/?filter%5Bpoint%5D=-105.031672+39.816687&filter%5Bradius%5D=50000&filter%5Bmode%5D=START&filter%5Bdate_mode%5D=dmy&filter%5Bdate%5D=2024-06-11&filter%5Bvalue_mode%5D=dst
2024-06-12,0,0,https://www.xcontest.org/2025/world/en/flights-search/?filter%5Bpoint%5D=-105.031672+39.816687&filter%5Bradius%5D=50000&filter%5Bmode%5D=START&filter%5Bdate_mode%5D=dmy&filter%5Bdate%5D=2024-06-12&filter%5Bvalue_mode%5D=dst
2024-06-13,0,0,https://www.xcontest.org/2025/world/en/flights-search/?filter%5Bpoint%5D=-105.031672+39.816687&filter%5Bradius%5D=50000&filter%5Bmode%5D=START&filter%5Bdate_mode%5D=dmy&filter%5Bdate%5D=2024-06-13&filter%5Bvalue_mode%5D=dst
2024-06-14,4,1.8,https://www.xcontest.org/2025/world/en/flights-search/?filter%5Bpoint%5D=-105.031672+39.816687&filter%5Bradius%5D=50000&filter%5Bmode%5D=START&filter%5Bdate_mode%5D=dmy&filter%5Bdate%5D=2024-06-14&filter%5Bvalue_mode%5D=dst
2024-06-15,1,14.61,https://www.xcontest.org/2025/world/en/flights-search/?filter%5Bpoint%5D=-105.031672+39.816687&filter%5Bradius%5D=50000&filter%5Bmode%5D=START&filter%5Bdate_mode%5D=dmy&filter%5Bdate%5D=2024-06-15&filter%5Bvalue_mode%5D=dst
2024-06-16,14,83.15,https://www.xcontest.org/2025/world/en/flights-search/?filter%5Bpoint%5D=-105.031672+39.816687&filter%5Bradius%5D=50000&filter%5Bmode%5D=START&filter%5Bdate_mode%5D=dmy&filter%5Bdate%5D=2024-06-16&filter%5Bvalue_mode%5D=dst
2024-06-17,3,24.17,https://www.xcontest.org/2025/world/en/flights-search/?filter%5Bpoint%5D=-105.031672+39.816687&filter%5Bradius%5D=50000&filter%5Bmode%5D=START&filter%5Bdate_mode%5D=dmy&filter%5Bdate%5D=2024-06-17&filter%5Bvalue_mode%5D=dst
2024-06-18,0,0,https://www.xcontest.org/2025/world/en/flights-search/?filter%5Bpoint%5D=-105.031672+39.816687&filter%5Bradius%5D=50000&filter%5Bmode%5D=START&filter%5Bdate_mode%5D=dmy&filter%5Bdate%5D=2024-06-18&filter%5Bvalue_mode%5D=dst
2024-06-19,5,20.22,https://www.xcontest.org/2025/world/en/flights-search/?filter%5Bpoint%5D=-105.031672+39.816687&filter%5Bradius%5D=50000&filter%5Bmode%5D=START&filter%5Bdate_mode%5D=dmy&filter%5Bdate%5D=2024-06-19&filter%5Bvalue_mode%5D=dst
2024-06-20,0,0,https://www.xcontest.org/2025/world/en/flights-search/?filter%5Bpoint%5D=-105.031672+39.816687&filter%5Bradius%5D=50000&filter%5Bmode%5D=START&filter%5Bdate_mode%5D=dmy&filter%5Bdate%5D=2024-06-20&filter%5Bvalue_mode%5D=dst
2024-06-21,3,2.91,https://www.xcontest.org/2025/world/en/flights-search/?filter%5Bpoint%5D=-105.031672+39.816687&filter%5Bradius%5D=50000&filter%5Bmode%5D=START&filter%5Bdate_mode%5D=dmy&filter%5Bdate%5D=2024-06-21&filter%5Bvalue_mode%5D=dst
2024-06-22,0,0,https://www.xcontest.org/2025/world/en/flights-search/?filter%5Bpoint%5D=-105.031672+39.816687&filter%5Bradius%5D=50000&filter%5Bmode%5D=START&filter%5Bdate_mode%5D=dmy&filter%5Bdate%5D=2024-06-22&filter%5Bvalue_mode%5D=dst
2024-06-23,2,94.26,https://www.xcontest.org/2025/world/en/flights-search/?filter%5Bpoint%5D=-105.031672+39.816687&filter%5Bradius%5D=50000&filter%5Bmode%5D=START&filter%5Bdate_mode%5D=dmy&filter%5Bdate%5D=2024-06-23&filter%5Bvalue_mode%5D=dst
2024-06-24,0,0,https://www.xcontest.org/2025/world/en/flights-search/?filter%5Bpoint%5D=-105.031672+39.816687&filter%5Bradius%5D=50000&filter%5Bmode%5D=START&filter%5Bdate_mode%5D=dmy&filter%5Bdate%5D=2024-06-24&filter%5Bvalue_mode%5D=dst
2024-06-25,0,0,https://www.xcontest.org/2025/world/en/flights-search/?filter%5Bpoint%5D=-105.031672+39.816687&filter%5Bradius%5D=50000&filter%5Bmode%5D=START&filter%5Bdate_mode%5D=dmy&filter%5Bdate%5D=2024-06-25&filter%5Bvalue_mode%5D=dst
2024-06-26,11,21.75,https://www.xcontest.org/2025/world/en/flights-search/?filter%5Bpoint%5D=-105.031672+39.816687&filter%5Bradius%5D=50000&filter%5Bmode%5D=START&filter%5Bdate_mode%5D=dmy&filter%5Bdate%5D=2024-06-26&filter%5Bvalue_mode%5D=dst
2024-06-27,0,0,https://www.xcontest.org/2025/world/en/flights-search/?filter%5Bpoint%5D=-105.031672+39.816687&filter%5Bradius%5D=50000&filter%5Bmode%5D=START&filter%5Bdate_mode%5D=dmy&filter%5Bdate%5D=2024-06-27&filter%5Bvalue_mode%5D=dst
2024-06-28,0,0,https://www.xcontest.org/2025/world/en/flights-search/?filter%5Bpoint%5D=-105.031672+39.816687&filter%5Bradius%5D=50000&filter%5Bmode%5D=START&filter%5Bdate_mode%5D=dmy&filter%5Bdate%5D=2024-06-28&filter%5Bvalue_mode%5D=dst
2024-06-29,13,36.21,https://www.xcontest.org/2025/world/en/flights-search/?filter%5Bpoint%5D=-105.031672+39.816687&filter%5Bradius%5D=50000&filter%5Bmode%5D=START&filter%5Bdate_mode%5D=dmy&filter%5Bdate%5D=2024-06-29&filter%5Bvalue_mode%5D=dst
2024-06-30,3,4.48,https://www.xcontest.org/2025/world/en/flights-search/?filter%5Bpoint%5D=-105.031672+39.816687&filter%5Bradius%5D=50000&filter%5Bmode%5D=START&filter%5Bdate_mode%5D=dmy&filter%5Bdate%5D=2024-06-30&filter%5Bvalue_mode%5D=dst
2024-07-01,0,0,https://www.xcontest.org/2025/world/en/flights-search/?filter%5Bpoint%5D=-105.031672+39.816687&filter%5Bradius%5D=50000&filter%5Bmode%5D=START&filter%5Bdate_mode%5D=dmy&filter%5Bdate%5D=2024-07-01&filter%5Bvalue_mode%5D=dst
2024-07-02,0,0,https://www.xcontest.org/2025/world/en/flights-search/?filter%5Bpoint%5D=-105.031672+39.816687&filter%5Bradius%5D=50000&filter%5Bmode%5D=START&filter%5Bdate_mode%5D=dmy&filter%5Bdate%5D=2024-07-02&filter%5Bvalue_mode%5D=dst
2024-07-03,0,0,https://www.xcontest.org/2025/world/en/flights-search/?filter%5Bpoint%5D=-105.031672+39.816687&filter%5Bradius%5D=50000&filter%5Bmode%5D=START&filter%5Bdate_mode%5D=dmy&filter%5Bdate%5D=2024-07-03&filter%5Bvalue_mode%5D=dst
2024-07-04,19,68.77,https://www.xcontest.org/2025/world/en/flights-search/?filter%5Bpoint%5D=-105.031672+39.816687&filter%5Bradius%5D=50000&filter%5Bmode%5D=START&filter%5Bdate_mode%5D=dmy&filter%5Bdate%5D=2024-07-04&filter%5Bvalue_mode%5D=dst
2024-07-05,24,72.04,https://www.xcontest.org/2025/world/en/flights-search/?filter%5Bpoint%5D=-105.031672+39.816687&filter%5Bradius%5D=50000&filter%5Bmode%5D=START&filter%5Bdate_mode%5D=dmy&filter%5Bdate%5D=2024-07-05&filter%5Bvalue_mode%5D=dst
2024-07-06,0,0,https://www.xcontest.org/2025/world/en/flights-search/?filter%5Bpoint%5D=-105.031672+39.816687&filter%5Bradius%5D=50000&filter%5Bmode%5D=START&filter%5Bdate_mode%5D=dmy&filter%5Bdate%5D=2024-07-06&filter%5Bvalue_mode%5D=dst
2024-07-07,13,50.97,https://www.xcontest.org/2025/world/en/flights-search/?filter%5Bpoint%5D=-105.031672+39.816687&filter%5Bradius%5D=50000&filter%5Bmode%5D=START&filter%5Bdate_mode%5D=dmy&filter%5Bdate%5D=2024-07-07&filter%5Bvalue_mode%5D=dst
2024-07-08,22,169.55,https://www.xcontest.org/2025/world/en/flights-search/?filter%5Bpoint%5D=-105.031672+39.816687&filter%5Bradius%5D=50000&filter%5Bmode%5D=START&filter%5Bdate_mode%5D=dmy&filter%5Bdate%5D=2024-07-08&filter%5Bvalue_mode%5D=dst
2024-07-09,4,54.06,https://www.xcontest.org/2025/world/en/flights-search/?filter%5Bpoint%5D=-105.031672+39.816687&filter%5Bradius%5D=50000&filter%5Bmode%5D=START&filter%5Bdate_mode%5D=dmy&filter%5Bdate%5D=2024-07-09&filter%5Bvalue_mode%5D=dst
2024-07-10,18,147.93,https://www.xcontest.org/2025/world/en/flights-search/?filter%5Bpoint%5D=-105.031672+39.816687&filter%5Bradius%5D=50000&filter%5Bmode%5D=START&filter%5Bdate_mode%5D=dmy&filter%5Bdate%5D=2024-07-10&filter%5Bvalue_mode%5D=dst
2024-07-11,2,7.29,https://www.xcontest.org/2025/world/en/flights-search/?filter%5Bpoint%5D=-105.031672+39.816687&filter%5Bradius%5D=50000&filter%5Bmode%5D=START&filter%5Bdate_mode%5D=dmy&filter%5Bdate%5D=2024-07-11&filter%5Bvalue_mode%5D=dst
2024-07-12,0,0,https://www.xcontest.org/2025/world/en/flights-search/?filter%5Bpoint%5D=-105.031672+39.816687&filter%5Bradius%5D=50000&filter%5Bmode%5D=START&filter%5Bdate_mode%5D=dmy&filter%5Bdate%5D=2024-07-12&filter%5Bvalue_mode%5D=dst
2024-07-13,1,5.91,https://www.xcontest.org/2025/world/en/flights-search/?filter%5Bpoint%5D=-105.031672+39.816687&filter%5Bradius%5D=50000&filter%5Bmode%5D=START&filter%5Bdate_mode%5D=dmy&filter%5Bdate%5D=2024-07-13&filter%5Bvalue_mode%5D=dst
2024-07-14,0,0,https://www.xcontest.org/2025/world/en/flights-search/?filter%5Bpoint%5D=-105.031672+39.816687&filter%5Bradius%5D=50000&filter%5Bmode%5D=START&filter%5Bdate_mode%5D=dmy&filter%5Bdate%5D=2024-07-14&filter%5Bvalue_mode%5D=dst
2024-07-15,0,0,https://www.xcontest.org/2025/world/en/flights-search/?filter%5Bpoint%5D=-105.031672+39.816687&filter%5Bradius%5D=50000&filter%5Bmode%5D=START&filter%5Bdate_mode%5D=dmy&filter%5Bdate%5D=2024-07-15&filter%5Bvalue_mode%5D=dst
2024-07-16,2,0.99,https://www.xcontest.org/2025/world/en/flights-search/?filter%5Bpoint%5D=-105.031672+39.816687&filter%5Bradius%5D=50000&filter%5Bmode%5D=START&filter%5Bdate_mode%5D=dmy&filter%5Bdate%5D=2024-07-16&filter%5Bvalue_mode%5D=dst
2024-07-17,5,9.93,https://www.xcontest.org/2025/world/en/flights-search/?filter%5Bpoint%5D=-105.031672+39.816687&filter%5Bradius%5D=50000&filter%5Bmode%5D=START&filter%5Bdate_mode%5D=dmy&filter%5Bdate%5D=2024-07-17&filter%5Bvalue_mode%5D=dst
2024-07-18,7,1.66,https://www.xcontest.org/2025/world/en/flights-search/?filter%5Bpoint%5D=-105.031672+39.816687&filter%5Bradius%5D=50000&filter%5Bmode%5D=START&filter%5Bdate_mode%5D=dmy&filter%5Bdate%5D=2024-07-18&filter%5Bvalue_mode%5D=dst
2024-07-19,0,0,https://www.xcontest.org/2025/world/en/flights-search/?filter%5Bpoint%5D=-105.031672+39.816687&filter%5Bradius%5D=50000&filter%5Bmode%5D=START&filter%5Bdate_mode%5D=dmy&filter%5Bdate%5D=2024-07-19&filter%5Bvalue_mode%5D=dst
2024-07-20,17,71.21,https://www.xcontest.org/2025/world/en/flights-search/?filter%5Bpoint%5D=-105.031672+39.816687&filter%5Bradius%5D=50000&filter%5Bmode%5D=START&filter%5Bdate_mode%5D=dmy&filter%5Bdate%5D=2024-07-20&filter%5Bvalue_mode%5D=dst
2024-07-21,2,9.32,https://www.xcontest.org/2025/world/en/flights-search/?filter%5Bpoint%5D=-105.031672+39.816687&filter%5Bradius%5D=50000&filter%5Bmode%5D=START&filter%5Bdate_mode%5D=dmy&filter%5Bdate%5D=2024-07-21&filter%5Bvalue_mode%5D=dst
2024-07-22,15,164.99,https://www.xcontest.org/2025/world/en/flights-search/?filter%5Bpoint%5D=-105.031672+39.816687&filter%5Bradius%5D=50000&filter%5Bmode%5D=START&filter%5Bdate_mode%5D=dmy&filter%5Bdate%5D=2024-07-22&filter%5Bvalue_mode%5D=dst
2024-07-23,16,138.1,https://www.xcontest.org/2025/world/en/flights-search/?filter%5Bpoint%5D=-105.031672+39.816687&filter%5Bradius%5D=50000&filter%5Bmode%5D=START&filter%5Bdate_mode%5D=dmy&filter%5Bdate%5D=2024-07-23&filter%5Bvalue_mode%5D=dst
2024-07-24,11,95.2,https://www.xcontest.org/2025/world/en/flights-search/?filter%5Bpoint%5D=-105.031672+39.816687&filter%5Bradius%5D=50000&filter%5Bmode%5D=START&filter%5Bdate_mode%5D=dmy&filter%5Bdate%5D=2024-07-24&filter%5Bvalue_mode%5D=dst
2024-07-25,11,86.43,https://www.xcontest.org/2025/world/en/flights-search/?filter%5Bpoint%5D=-105.031672+39.816687&filter%5Bradius%5D=50000&filter%5Bmode%5D=START&filter%5Bdate_mode%5D=dmy&filter%5Bdate%5D=2024-07-25&filter%5Bvalue_mode%5D=dst
2024-07-26,1,1.79,https://www.xcontest.org/2025/world/en/flights-search/?filter%5Bpoint%5D=-105.031672+39.816687&filter%5Bradius%5D=50000&filter%5Bmode%5D=START&filter%5Bdate_mode%5D=dmy&filter%5Bdate%5D=2024-07-26&filter%5Bvalue_mode%5D=dst
2024-07-27,5,4.43,https://www.xcontest.org/2025/world/en/flights-search/?filter%5Bpoint%5D=-105.031672+39.816687&filter%5Bradius%5D=50000&filter%5Bmode%5D=START&filter%5Bdate_mode%5D=dmy&filter%5Bdate%5D=2024-07-27&filter%5Bvalue_mode%5D=dst
2024-07-28,2,1.76,https://www.xcontest.org/2025/world/en/flights-search/?filter%5Bpoint%5D=-105.031672+39.816687&filter%5Bradius%5D=50000&filter%5Bmode%5D=START&filter%5Bdate_mode%5D=dmy&filter%5Bdate%5D=2024-07-28&filter%5Bvalue_mode%5D=dst
2024-07-29,0,0,https://www.xcontest.org/2025/world/en/flights-search/?filter%5Bpoint%5D=-105.031672+39.816687&filter%5Bradius%5D=50000&filter%5Bmode%5D=START&filter%5Bdate_mode%5D=dmy&filter%5Bdate%5D=2024-07-29&filter%5Bvalue_mode%5D=dst
2024-07-30,0,0,https://www.xcontest.org/2025/world/en/flights-search/?filter%5Bpoint%5D=-105.031672+39.816687&filter%5Bradius%5D=50000&filter%5Bmode%5D=START&filter%5Bdate_mode%5D=dmy&filter%5Bdate%5D=2024-07-30&filter%5Bvalue_mode%5D=dst
2024-07-31,5,9.9,https://www.xcontest.org/2025/world/en/flights-search/?filter%5Bpoint%5D=-105.031672+39.816687&filter%5Bradius%5D=50000&filter%5Bmode%5D=START&filter%5Bdate_mode%5D=dmy&filter%5Bdate%5D=2024-07-31&filter%5Bvalue_mode%5D=dst
2024-08-01,10,91.74,https://www.xcontest.org/2025/world/en/flights-search/?filter%5Bpoint%5D=-105.031672+39.816687&filter%5Bradius%5D=50000&filter%5Bmode%5D=START&filter%5Bdate_mode%5D=dmy&filter%5Bdate%5D=2024-08-01&filter%5Bvalue_mode%5D=dst
2024-08-02,5,39.01,https://www.xcontest.org/2025/world/en/flights-search/?filter%5Bpoint%5D=-105.031672+39.816687&filter%5Bradius%5D=50000&filter%5Bmode%5D=START&filter%5Bdate_mode%5D=dmy&filter%5Bdate%5D=2024-08-02&filter%5Bvalue_mode%5D=dst
2024-08-03,16,163.36,https://www.xcontest.org/2025/world/en/flights-search/?filter%5Bpoint%5D=-105.031672+39.816687&filter%5Bradius%5D=50000&filter%5Bmode%5D=START&filter%5Bdate_mode%5D=dmy&filter%5Bdate%5D=2024-08-03&filter%5Bvalue_mode%5D=dst
2024-08-04,4,12.31,https://www.xcontest.org/2025/world/en/flights-search/?filter%5Bpoint%5D=-105.031672+39.816687&filter%5Bradius%5D=50000&filter%5Bmode%5D=START&filter%5Bdate_mode%5D=dmy&filter%5Bdate%5D=2024-08-04&filter%5Bvalue_mode%5D=dst
2024-08-05,1,1.44,https://www.xcontest.org/2025/world/en/flights-search/?filter%5Bpoint%5D=-105.031672+39.816687&filter%5Bradius%5D=50000&filter%5Bmode%5D=START&filter%5Bdate_mode%5D=dmy&filter%5Bdate%5D=2024-08-05&filter%5Bvalue_mode%5D=dst
2024-08-06,4,4.45,https://www.xcontest.org/2025/world/en/flights-search/?filter%5Bpoint%5D=-105.031672+39.816687&filter%5Bradius%5D=50000&filter%5Bmode%5D=START&filter%5Bdate_mode%5D=dmy&filter%5Bdate%5D=2024-08-06&filter%5Bvalue_mode%5D=dst
2024-08-07,0,0,https://www.xcontest.org/2025/world/en/flights-search/?filter%5Bpoint%5D=-105.031672+39.816687&filter%5Bradius%5D=50000&filter%5Bmode%5D=START&filter%5Bdate_mode%5D=dmy&filter%5Bdate%5D=2024-08-07&filter%5Bvalue_mode%5D=dst
2024-08-08,0,0,https://www.xcontest.org/2025/world/en/flights-search/?filter%5Bpoint%5D=-105.031672+39.816687&filter%5Bradius%5D=50000&filter%5Bmode%5D=START&filter%5Bdate_mode%5D=dmy&filter%5Bdate%5D=2024-08-08&filter%5Bvalue_mode%5D=dst
2024-08-09,0,0,https://www.xcontest.org/2025/world/en/flights-search/?filter%5Bpoint%5D=-105.031672+39.816687&filter%5Bradius%5D=50000&filter%5Bmode%5D=START&filter%5Bdate_mode%5D=dmy&filter%5Bdate%5D=2024-08-09&filter%5Bvalue_mode%5D=dst
2024-08-10,3,5.74,https://www.xcontest.org/2025/world/en/flights-search/?filter%5Bpoint%5D=-105.031672+39.816687&filter%5Bradius%5D=50000&filter%5Bmode%5D=START&filter%5Bdate_mode%5D=dmy&filter%5Bdate%5D=2024-08-10&filter%5Bvalue_mode%5D=dst
2024-08-11,0,0,https://www.xcontest.org/2025/world/en/flights-search/?filter%5Bpoint%5D=-105.031672+39.816687&filter%5Bradius%5D=50000&filter%5Bmode%5D=START&filter%5Bdate_mode%5D=dmy&filter%5Bdate%5D=2024-08-11&filter%5Bvalue_mode%5D=dst
2024-08-12,4,16.82,https://www.xcontest.org/2025/world/en/flights-search/?filter%5Bpoint%5D=-105.031672+39.816687&filter%5Bradius%5D=50000&filter%5Bmode%5D=START&filter%5Bdate_mode%5D=dmy&filter%5Bdate%5D=2024-08-12&filter%5Bvalue_mode%5D=dst
2024-08-13,0,0,https://www.xcontest.org/2025/world/en/flights-search/?filter%5Bpoint%5D=-105.031672+39.816687&filter%5Bradius%5D=50000&filter%5Bmode%5D=START&filter%5Bdate_mode%5D=dmy&filter%5Bdate%5D=2024-08-13&filter%5Bvalue_mode%5D=dst
2024-08-14,0,0,https://www.xcontest.org/2025/world/en/flights-search/?filter%5Bpoint%5D=-105.031672+39.816687&filter%5Bradius%5D=50000&filter%5Bmode%5D=START&filter%5Bdate_mode%5D=dmy&filter%5Bdate%5D=2024-08-14&filter%5Bvalue_mode%5D=dst
2024-08-15,4,3.4,https://www.xcontest.org/2025/world/en/flights-search/?filter%5Bpoint%5D=-105.031672+39.816687&filter%5Bradius%5D=50000&filter%5Bmode%5D=START&filter%5Bdate_mode%5D=dmy&filter%5Bdate%5D=2024-08-15&filter%5Bvalue_mode%5D=dst
2024-08-16,5,4.83,https://www.xcontest.org/2025/world/en/flights-search/?filter%5Bpoint%5D=-105.031672+39.816687&filter%5Bradius%5D=50000&filter%5Bmode%5D=START&filter%5Bdate_mode%5D=dmy&filter%5Bdate%5D=2024-08-16&filter%5Bvalue_mode%5D=dst
2024-08-17,8,101.34,https://www.xcontest.org/2025/world/en/flights-search/?filter%5Bpoint%5D=-105.031672+39.816687&filter%5Bradius%5D=50000&filter%5Bmode%5D=START&filter%5Bdate_mode%5D=dmy&filter%5Bdate%5D=2024-08-17&filter%5Bvalue_mode%5D=dst
2024-08-18,1,5.0,https://www.xcontest.org/2025/world/en/flights-search/?filter%5Bpoint%5D=-105.031672+39.816687&filter%5Bradius%5D=50000&filter%5Bmode%5D=START&filter%5Bdate_mode%5D=dmy&filter%5Bdate%5D=2024-08-18&filter%5Bvalue_mode%5D=dst
2024-08-19,3,7.54,https://www.xcontest.org/2025/world/en/flights-search/?filter%5Bpoint%5D=-105.031672+39.816687&filter%5Bradius%5D=50000&filter%5Bmode%5D=START&filter%5Bdate_mode%5D=dmy&filter%5Bdate%5D=2024-08-19&filter%5Bvalue_mode%5D=dst
2024-08-20,13,144.58,https://www.xcontest.org/2025/world/en/flights-search/?filter%5Bpoint%5D=-105.031672+39.816687&filter%5Bradius%5D=50000&filter%5Bmode%5D=START&filter%5Bdate_mode%5D=dmy&filter%5Bdate%5D=2024-08-20&filter%5Bvalue_mode%5D=dst
2024-08-21,0,0,https://www.xcontest.org/2025/world/en/flights-search/?filter%5Bpoint%5D=-105.031672+39.816687&filter%5Bradius%5D=50000&filter%5Bmode%5D=START&filter%5Bdate_mode%5D=dmy&filter%5Bdate%5D=2024-08-21&filter%5Bvalue_mode%5D=dst
2024-08-22,1,1.71,https://www.xcontest.org/2025/world/en/flights-search/?filter%5Bpoint%5D=-105.031672+39.816687&filter%5Bradius%5D=50000&filter%5Bmode%5D=START&filter%5Bdate_mode%5D=dmy&filter%5Bdate%5D=2024-08-22&filter%5Bvalue_mode%5D=dst
2024-08-23,7,7.89,https://www.xcontest.org/2025/world/en/flights-search/?filter%5Bpoint%5D=-105.031672+39.816687&filter%5Bradius%5D=50000&filter%5Bmode%5D=START&filter%5Bdate_mode%5D=dmy&filter%5Bdate%5D=2024-08-23&filter%5Bvalue_mode%5D=dst
2024-08-24,0,0,https://www.xcontest.org/2025/world/en/flights-search/?filter%5Bpoint%5D=-105.031672+39.816687&filter%5Bradius%5D=50000&filter%5Bmode%5D=START&filter%5Bdate_mode%5D=dmy&filter%5Bdate%5D=2024-08-24&filter%5Bvalue_mode%5D=dst
2024-08-25,0,0,https://www.xcontest.org/2025/world/en/flights-search/?filter%5Bpoint%5D=-105.031672+39.816687&filter%5Bradius%5D=50000&filter%5Bmode%5D=START&filter%5Bdate_mode%5D=dmy&filter%5Bdate%5D=2024-08-25&filter%5Bvalue_mode%5D=dst
2024-08-26,0,0,https://www.xcontest.org/2025/world/en/flights-search/?filter%5Bpoint%5D=-105.031672+39.816687&filter%5Bradius%5D=50000&filter%5Bmode%5D=START&filter%5Bdate_mode%5D=dmy&filter%5Bdate%5D=2024-08-26&filter%5Bvalue_mode%5D=dst
2024-08-27,18,99.22,https://www.xcontest.org/2025/world/en/flights-search/?filter%5Bpoint%5D=-105.031672+39.816687&filter%5Bradius%5D=50000&filter%5Bmode%5D=START&filter%5Bdate_mode%5D=dmy&filter%5Bdate%5D=2024-08-27&filter%5Bvalue_mode%5D=dst
2024-08-28,7,57.49,https://www.xcontest.org/2025/world/en/flights-search/?filter%5Bpoint%5D=-105.031672+39.816687&filter%5Bradius%5D=50000&filter%5Bmode%5D=START&filter%5Bdate_mode%5D=dmy&filter%5Bdate%5D=2024-08-28&filter%5Bvalue_mode%5D=dst
2024-08-29,12,10.08,https://www.xcontest.org/2025/world/en/flights-search/?filter%5Bpoint%5D=-105.031672+39.816687&filter%5Bradius%5D=50000&filter%5Bmode%5D=START&filter%5Bdate_mode%5D=dmy&filter%5Bdate%5D=2024-08-29&filter%5Bvalue_mode%5D=dst
2024-08-30,14,17.89,https://www.xcontest.org/2025/world/en/flights-search/?filter%5Bpoint%5D=-105.031672+39.816687&filter%5Bradius%5D=50000&filter%5Bmode%5D=START&filter%5Bdate_mode%5D=dmy&filter%5Bdate%5D=2024-08-30&filter%5Bvalue_mode%5D=dst
2024-08-31,8,77.07,https://www.xcontest.org/2025/world/en/flights-search/?filter%5Bpoint%5D=-105.031672+39.816687&filter%5Bradius%5D=50000&filter%5Bmode%5D=START&filter%5Bdate_mode%5D=dmy&filter%5Bdate%5D=2024-08-31&filter%5Bvalue_mode%5D=dst
2024-09-01,10,219.57,https://www.xcontest.org/2025/world/en/flights-search/?filter%5Bpoint%5D=-105.031672+39.816687&filter%5Bradius%5D=50000&filter%5Bmode%5D=START&filter%5Bdate_mode%5D=dmy&filter%5Bdate%5D=2024-09-01&filter%5Bvalue_mode%5D=dst
2024-09-02,10,5.91,https://www.xcontest.org/2025/world/en/flights-search/?filter%5Bpoint%5D=-105.031672+39.816687&filter%5Bradius%5D=50000&filter%5Bmode%5D=START&filter%5Bdate_mode%5D=dmy&filter%5Bdate%5D=2024-09-02&filter%5Bvalue_mode%5D=dst
2024-09-03,2,103.71,https://www.xcontest.org/2025/world/en/flights-search/?filter%5Bpoint%5D=-105.031672+39.816687&filter%5Bradius%5D=50000&filter%5Bmode%5D=START&filter%5Bdate_mode%5D=dmy&filter%5Bdate%5D=2024-09-03&filter%5Bvalue_mode%5D=dst
2024-09-04,0,0,https://www.xcontest.org/2025/world/en/flights-search/?filter%5Bpoint%5D=-105.031672+39.816687&filter%5Bradius%5D=50000&filter%5Bmode%5D=START&filter%5Bdate_mode%5D=dmy&filter%5Bdate%5D=2024-09-04&filter%5Bvalue_mode%5D=dst
2024-09-05,0,0,https://www.xcontest.org/2025/world/en/flights-search/?filter%5Bpoint%5D=-105.031672+39.816687&filter%5Bradius%5D=50000&filter%5Bmode%5D=START&filter%5Bdate_mode%5D=dmy&filter%5Bdate%5D=2024-09-05&filter%5Bvalue_mode%5D=dst
2024-09-06,17,86.89,https://www.xcontest.org/2025/world/en/flights-search/?filter%5Bpoint%5D=-105.031672+39.816687&filter%5Bradius%5D=50000&filter%5Bmode%5D=START&filter%5Bdate_mode%5D=dmy&filter%5Bdate%5D=2024-09-06&filter%5Bvalue_mode%5D=dst
2024-09-07,17,127.17,https://www.xcontest.org/2025/world/en/flights-search/?filter%5Bpoint%5D=-105.031672+39.816687&filter%5Bradius%5D=50000&filter%5Bmode%5D=START&filter%5Bdate_mode%5D=dmy&filter%5Bdate%5D=2024-09-07&filter%5Bvalue_mode%5D=dst
2024-09-08,2,5.33,https://www.xcontest.org/2025/world/en/flights-search/?filter%5Bpoint%5D=-105.031672+39.816687&filter%5Bradius%5D=50000&filter%5Bmode%5D=START&filter%5Bdate_mode%5D=dmy&filter%5Bdate%5D=2024-09-08&filter%5Bvalue_mode%5D=dst
2024-09-09,0,0,https://www.xcontest.org/2025/world/en/flights-search/?filter%5Bpoint%5D=-105.031672+39.816687&filter%5Bradius%5D=50000&filter%5Bmode%5D=START&filter%5Bdate_mode%5D=dmy&filter%5Bdate%5D=2024-09-09&filter%5Bvalue_mode%5D=dst
2024-09-10,4,13.8,https://www.xcontest.org/2025/world/en/flights-search/?filter%5Bpoint%5D=-105.031672+39.816687&filter%5Bradius%5D=50000&filter%5Bmode%5D=START&filter%5Bdate_mode%5D=dmy&filter%5Bdate%5D=2024-09-10&filter%5Bvalue_mode%5D=dst
2024-09-11,3,4.6,https://www.xcontest.org/2025/world/en/flights-search/?filter%5Bpoint%5D=-105.031672+39.816687&filter%5Bradius%5D=50000&filter%5Bmode%5D=START&filter%5Bdate_mode%5D=dmy&filter%5Bdate%5D=2024-09-11&filter%5Bvalue_mode%5D=dst
2024-09-12,0,0,https://www.xcontest.org/2025/world/en/flights-search/?filter%5Bpoint%5D=-105.031672+39.816687&filter%5Bradius%5D=50000&filter%5Bmode%5D=START&filter%5Bdate_mode%5D=dmy&filter%5Bdate%5D=2024-09-12&filter%5Bvalue_mode%5D=dst
2024-09-13,9,10.91,https://www.xcontest.org/2025/world/en/flights-search/?filter%5Bpoint%5D=-105.031672+39.816687&filter%5Bradius%5D=50000&filter%5Bmode%5D=START&filter%5Bdate_mode%5D=dmy&filter%5Bdate%5D=2024-09-13&filter%5Bvalue_mode%5D=dst
2024-09-14,6,23.58,https://www.xcontest.org/2025/world/en/flights-search/?filter%5Bpoint%5D=-105.031672+39.816687&filter%5Bradius%5D=50000&filter%5Bmode%5D=START&filter%5Bdate_mode%5D=dmy&filter%5Bdate%5D=2024-09-14&filter%5Bvalue_mode%5D=dst
2024-09-15,2,2.52,https://www.xcontest.org/2025/world/en/flights-search/?filter%5Bpoint%5D=-105.031672+39.816687&filter%5Bradius%5D=50000&filter%5Bmode%5D=START&filter%5Bdate_mode%5D=dmy&filter%5Bdate%5D=2024-09-15&filter%5Bvalue_mode%5D=dst
2024-09-16,1,1.3,https://www.xcontest.org/2025/world/en/flights-search/?filter%5Bpoint%5D=-105.031672+39.816687&filter%5Bradius%5D=50000&filter%5Bmode%5D=START&filter%5Bdate_mode%5D=dmy&filter%5Bdate%5D=2024-09-16&filter%5Bvalue_mode%5D=dst
2024-09-17,2,1.45,https://www.xcontest.org/2025/world/en/flights-search/?filter%5Bpoint%5D=-105.031672+39.816687&filter%5Bradius%5D=50000&filter%5Bmode%5D=START&filter%5Bdate_mode%5D=dmy&filter%5Bdate%5D=2024-09-17&filter%5Bvalue_mode%5D=dst
2024-09-18,0,0,https://www.xcontest.org/2025/world/en/flights-search/?filter%5Bpoint%5D=-105.031672+39.816687&filter%5Bradius%5D=50000&filter%5Bmode%5D=START&filter%5Bdate_mode%5D=dmy&filter%5Bdate%5D=2024-09-18&filter%5Bvalue_mode%5D=dst
2024-09-19,12,87.66,https://www.xcontest.org/2025/world/en/flights-search/?filter%5Bpoint%5D=-105.031672+39.816687&filter%5Bradius%5D=50000&filter%5Bmode%5D=START&filter%5Bdate_mode%5D=dmy&filter%5Bdate%5D=2024-09-19&filter%5Bvalue_mode%5D=dst
2024-09-20,3,4.16,https://www.xcontest.org/2025/world/en/flights-search/?filter%5Bpoint%5D=-105.031672+39.816687&filter%5Bradius%5D=50000&filter%5Bmode%5D=START&filter%5Bdate_mode%5D=dmy&filter%5Bdate%5D=2024-09-20&filter%5Bvalue_mode%5D=dst
2024-09-21,7,55.28,https://www.xcontest.org/2025/world/en/flights-search/?filter%5Bpoint%5D=-105.031672+39.816687&filter%5Bradius%5D=50000&filter%5Bmode%5D=START&filter%5Bdate_mode%5D=dmy&filter%5Bdate%5D=2024-09-21&filter%5Bvalue_mode%5D=dst
2024-09-22,1,7.26,https://www.xcontest.org/2025/world/en/flights-search/?filter%5Bpoint%5D=-105.031672+39.816687&filter%5Bradius%5D=50000&filter%5Bmode%5D=START&filter%5Bdate_mode%5D=dmy&filter%5Bdate%5D=2024-09-22&filter%5Bvalue_mode%5D=dst
2024-09-23,1,42.79,https://www.xcontest.org/2025/world/en/flights-search/?filter%5Bpoint%5D=-105.031672+39.816687&filter%5Bradius%5D=50000&filter%5Bmode%5D=START&filter%5Bdate_mode%5D=dmy&filter%5Bdate%5D=2024-09-23&filter%5Bvalue_mode%5D=dst
2024-09-24,5,12.26,https://www.xcontest.org/2025/world/en/flights-search/?filter%5Bpoint%5D=-105.031672+39.816687&filter%5Bradius%5D=50000&filter%5Bmode%5D=START&filter%5Bdate_mode%5D=dmy&filter%5Bdate%5D=2024-09-24&filter%5Bvalue_mode%5D=dst
2024-09-25,6,6.65,https://www.xcontest.org/2025/world/en/flights-search/?filter%5Bpoint%5D=-105.031672+39.816687&filter%5Bradius%5D=50000&filter%5Bmode%5D=START&filter%5Bdate_mode%5D=dmy&filter%5Bdate%5D=2024-09-25&filter%5Bvalue_mode%5D=dst
2024-09-26,0,0,https://www.xcontest.org/2025/world/en/flights-search/?filter%5Bpoint%5D=-105.031672+39.816687&filter%5Bradius%5D=50000&filter%5Bmode%5D=START&filter%5Bdate_mode%5D=dmy&filter%5Bdate%5D=2024-09-26&filter%5Bvalue_mode%5D=dst
2024-09-27,11,8.29,https://www.xcontest.org/2025/world/en/flights-search/?filter%5Bpoint%5D=-105.031672+39.816687&filter%5Bradius%5D=50000&filter%5Bmode%5D=START&filter%5Bdate_mode%5D=dmy&filter%5Bdate%5D=2024-09-27&filter%5Bvalue_mode%5D=dst
2024-09-28,15,29.05,https://www.xcontest.org/2025/world/en/flights-search/?filter%5Bpoint%5D=-105.031672+39.816687&filter%5Bradius%5D=50000&filter%5Bmode%5D=START&filter%5Bdate_mode%5D=dmy&filter%5Bdate%5D=2024-09-28&filter%5Bvalue_mode%5D=dst
2024-09-29,1,2.71,https://www.xcontest.org/2025/world/en/flights-search/?filter%5Bpoint%5D=-105.031672+39.816687&filter%5Bradius%5D=50000&filter%5Bmode%5D=START&filter%5Bdate_mode%5D=dmy&filter%5Bdate%5D=2024-09-29&filter%5Bvalue_mode%5D=dst
2024-09-30,3,35.24,https://www.xcontest.org/2025/world/en/flights-search/?filter%5Bpoint%5D=-105.031672+39.816687&filter%5Bradius%5D=50000&filter%5Bmode%5D=START&filter%5Bdate_mode%5D=dmy&filter%5Bdate%5D=2024-09-30&filter%5Bvalue_mode%5D=dst
2024-10-01,4,3.29,https://www.xcontest.org/2025/world/en/flights-search/?filter%5Bpoint%5D=-105.031672+39.816687&filter%5Bradius%5D=50000&filter%5Bmode%5D=START&filter%5Bdate_mode%5D=dmy&filter%5Bdate%5D=2024-10-01&filter%5Bvalue_mode%5D=dst
2024-10-02,1,1.18,https://www.xcontest.org/2025/world/en/flights-search/?filter%5Bpoint%5D=-105.031672+39.816687&filter%5Bradius%5D=50000&filter%5Bmode%5D=START&filter%5Bdate_mode%5D=dmy&filter%5Bdate%5D=2024-10-02&filter%5Bvalue_mode%5D=dst
2024-10-03,17,32.81,https://www.xcontest.org/2025/world/en/flights-search/?filter%5Bpoint%5D=-105.031672+39.816687&filter%5Bradius%5D=50000&filter%5Bmode%5D=START&filter%5Bdate_mode%5D=dmy&filter%5Bdate%5D=2024-10-03&filter%5Bvalue_mode%5D=dst
2024-10-04,2,1.37,https://www.xcontest.org/2025/world/en/flights-search/?filter%5Bpoint%5D=-105.031672+39.816687&filter%5Bradius%5D=50000&filter%5Bmode%5D=START&filter%5Bdate_mode%5D=dmy&filter%5Bdate%5D=2024-10-04&filter%5Bvalue_mode%5D=dst
2024-10-05,0,0,https://www.xcontest.org/2025/world/en/flights-search/?filter%5Bpoint%5D=-105.031672+39.816687&filter%5Bradius%5D=50000&filter%5Bmode%5D=START&filter%5Bdate_mode%5D=dmy&filter%5Bdate%5D=2024-10-05&filter%5Bvalue_mode%5D=dst
2024-10-06,17,17.08,https://www.xcontest.org/2025/world/en/flights-search/?filter%5Bpoint%5D=-105.031672+39.816687&filter%5Bradius%5D=50000&filter%5Bmode%5D=START&filter%5Bdate_mode%5D=dmy&filter%5Bdate%5D=2024-10-06&filter%5Bvalue_mode%5D=dst
2024-10-07,0,0,https://www.xcontest.org/2025/world/en/flights-search/?filter%5Bpoint%5D=-105.031672+39.816687&filter%5Bradius%5D=50000&filter%5Bmode%5D=START&filter%5Bdate_mode%5D=dmy&filter%5Bdate%5D=2024-10-07&filter%5Bvalue_mode%5D=dst
2024-10-08,0,0,https://www.xcontest.org/2025/world/en/flights-search/?filter%5Bpoint%5D=-105.031672+39.816687&filter%5Bradius%5D=50000&filter%5Bmode%5D=START&filter%5Bdate_mode%5D=dmy&filter%5Bdate%5D=2024-10-08&filter%5Bvalue_mode%5D=dst
2024-10-09,0,0,https://www.xcontest.org/2025/world/en/flights-search/?filter%5Bpoint%5D=-105.031672+39.816687&filter%5Bradius%5D=50000&filter%5Bmode%5D=START&filter%5Bdate_mode%5D=dmy&filter%5Bdate%5D=2024-10-09&filter%5Bvalue_mode%5D=dst
2024-10-10,1,5.73,https://www.xcontest.org/2025/world/en/flights-search/?filter%5Bpoint%5D=-105.031672+39.816687&filter%5Bradius%5D=50000&filter%5Bmode%5D=START&filter%5Bdate_mode%5D=dmy&filter%5Bdate%5D=2024-10-10&filter%5Bvalue_mode%5D=dst
2024-10-11,1,1.44,https://www.xcontest.org/2025/world/en/flights-search/?filter%5Bpoint%5D=-105.031672+39.816687&filter%5Bradius%5D=50000&filter%5Bmode%5D=START&filter%5Bdate_mode%5D=dmy&filter%5Bdate%5D=2024-10-11&filter%5Bvalue_mode%5D=dst
2024-10-12,3,2.76,https://www.xcontest.org/2025/world/en/flights-search/?filter%5Bpoint%5D=-105.031672+39.816687&filter%5Bradius%5D=50000&filter%5Bmode%5D=START&filter%5Bdate_mode%5D=dmy&filter%5Bdate%5D=2024-10-12&filter%5Bvalue_mode%5D=dst
2024-10-13,17,20.0,https://www.xcontest.org/2025/world/en/flights-search/?filter%5Bpoint%5D=-105.031672+39.816687&filter%5Bradius%5D=50000&filter%5Bmode%5D=START&filter%5Bdate_mode%5D=dmy&filter%5Bdate%5D=2024-10-13&filter%5Bvalue_mode%5D=dst
2024-10-14,0,0,https://www.xcontest.org/2025/world/en/flights-search/?filter%5Bpoint%5D=-105.031672+39.816687&filter%5Bradius%5D=50000&filter%5Bmode%5D=START&filter%5Bdate_mode%5D=dmy&filter%5Bdate%5D=2024-10-14&filter%5Bvalue_mode%5D=dst
2024-10-15,6,24.73,https://www.xcontest.org/2025/world/en/flights-search/?filter%5Bpoint%5D=-105.031672+39.816687&filter%5Bradius%5D=50000&filter%5Bmode%5D=START&filter%5Bdate_mode%5D=dmy&filter%5Bdate%5D=2024-10-15&filter%5Bvalue_mode%5D=dst
2024-10-16,0,0,https://www.xcontest.org/2025/world/en/flights-search/?filter%5Bpoint%5D=-105.031672+39.816687&filter%5Bradius%5D=50000&filter%5Bmode%5D=START&filter%5Bdate_mode%5D=dmy&filter%5Bdate%5D=2024-10-16&filter%5Bvalue_mode%5D=dst
2024-10-17,0,0,https://www.xcontest.org/2025/world/en/flights-search/?filter%5Bpoint%5D=-105.031672+39.816687&filter%5Bradius%5D=50000&filter%5Bmode%5D=START&filter%5Bdate_mode%5D=dmy&filter%5Bdate%5D=2024-10-17&filter%5Bvalue_mode%5D=dst
2024-10-18,5,3.55,https://www.xcontest.org/2025/world/en/flights-search/?filter%5Bpoint%5D=-105.031672+39.816687&filter%5Bradius%5D=50000&filter%5Bmode%5D=START&filter%5Bdate_mode%5D=dmy&filter%5Bdate%5D=2024-10-18&filter%5Bvalue_mode%5D=dst
2024-10-19,0,0,https://www.xcontest.org/2025/world/en/flights-search/?filter%5Bpoint%5D=-105.031672+39.816687&filter%5Bradius%5D=50000&filter%5Bmode%5D=START&filter%5Bdate_mode%5D=dmy&filter%5Bdate%5D=2024-10-19&filter%5Bvalue_mode%5D=dst
2024-10-20,6,10.19,https://www.xcontest.org/2025/world/en/flights-search/?filter%5Bpoint%5D=-105.031672+39.816687&filter%5Bradius%5D=50000&filter%5Bmode%5D=START&filter%5Bdate_mode%5D=dmy&filter%5Bdate%5D=2024-10-20&filter%5Bvalue_mode%5D=dst
2024-10-21,0,0,https://www.xcontest.org/2025/world/en/flights-search/?filter%5Bpoint%5D=-105.031672+39.816687&filter%5Bradius%5D=50000&filter%5Bmode%5D=START&filter%5Bdate_mode%5D=dmy&filter%5Bdate%5D=2024-10-21&filter%5Bvalue_mode%5D=dst
2024-10-22,0,0,https://www.xcontest.org/2025/world/en/flights-search/?filter%5Bpoint%5D=-105.031672+39.816687&filter%5Bradius%5D=50000&filter%5Bmode%5D=START&filter%5Bdate_mode%5D=dmy&filter%5Bdate%5D=2024-10-22&filter%5Bvalue_mode%5D=dst
2024-10-23,10,2.82,https://www.xcontest.org/2025/world/en/flights-search/?filter%5Bpoint%5D=-105.031672+39.816687&filter%5Bradius%5D=50000&filter%5Bmode%5D=START&filter%5Bdate_mode%5D=dmy&filter%5Bdate%5D=2024-10-23&filter%5Bvalue_mode%5D=dst
2024-10-24,0,0,https://www.xcontest.org/2025/world/en/flights-search/?filter%5Bpoint%5D=-105.031672+39.816687&filter%5Bradius%5D=50000&filter%5Bmode%5D=START&filter%5Bdate_mode%5D=dmy&filter%5Bdate%5D=2024-10-24&filter%5Bvalue_mode%5D=dst
2024-10-25,7,5.02,https://www.xcontest.org/2025/world/en/flights-search/?filter%5Bpoint%5D=-105.031672+39.816687&filter%5Bradius%5D=50000&filter%5Bmode%5D=START&filter%5Bdate_mode%5D=dmy&filter%5Bdate%5D=2024-10-25&filter%5Bvalue_mode%5D=dst
2024-10-26,0,0,https://www.xcontest.org/2025/world/en/flights-search/?filter%5Bpoint%5D=-105.031672+39.816687&filter%5Bradius%5D=50000&filter%5Bmode%5D=START&filter%5Bdate_mode%5D=dmy&filter%5Bdate%5D=2024-10-26&filter%5Bvalue_mode%5D=dst
2024-10-27,5,2.74,https://www.xcontest.org/2025/world/en/flights-search/?filter%5Bpoint%5D=-105.031672+39.816687&filter%5Bradius%5D=50000&filter%5Bmode%5D=START&filter%5Bdate_mode%5D=dmy&filter%5Bdate%5D=2024-10-27&filter%5Bvalue_mode%5D=dst
2024-10-28,0,0,https://www.xcontest.org/2025/world/en/flights-search/?filter%5Bpoint%5D=-105.031672+39.816687&filter%5Bradius%5D=50000&filter%5Bmode%5D=START&filter%5Bdate_mode%5D=dmy&filter%5Bdate%5D=2024-10-28&filter%5Bvalue_mode%5D=dst
2024-10-29,0,0,https://www.xcontest.org/2025/world/en/flights-search/?filter%5Bpoint%5D=-105.031672+39.816687&filter%5Bradius%5D=50000&filter%5Bmode%5D=START&filter%5Bdate_mode%5D=dmy&filter%5Bdate%5D=2024-10-29&filter%5Bvalue_mode%5D=dst
2024-10-30,0,0,https://www.xcontest.org/2025/world/en/flights-search/?filter%5Bpoint%5D=-105.031672+39.816687&filter%5Bradius%5D=50000&filter%5Bmode%5D=START&filter%5Bdate_mode%5D=dmy&filter%5Bdate%5D=2024-10-30&filter%5Bvalue_mode%5D=dst
2024-10-31,1,2.29,https://www.xcontest.org/2025/world/en/flights-search/?filter%5Bpoint%5D=-105.031672+39.816687&filter%5Bradius%5D=50000&filter%5Bmode%5D=START&filter%5Bdate_mode%5D=dmy&filter%5Bdate%5D=2024-10-31&filter%5Bvalue_mode%5D=dst
2024-11-01,6,10.48,https://www.xcontest.org/2025/world/en/flights-search/?filter%5Bpoint%5D=-105.031672+39.816687&filter%5Bradius%5D=50000&filter%5Bmode%5D=START&filter%5Bdate_mode%5D=dmy&filter%5Bdate%5D=2024-11-01&filter%5Bvalue_mode%5D=dst
2024-11-02,10,15.15,https://www.xcontest.org/2025/world/en/flights-search/?filter%5Bpoint%5D=-105.031672+39.816687&filter%5Bradius%5D=50000&filter%5Bmode%5D=START&filter%5Bdate_mode%5D=dmy&filter%5Bdate%5D=2024-11-02&filter%5Bvalue_mode%5D=dst
2024-11-03,8,39.07,https://www.xcontest.org/2025/world/en/flights-search/?filter%5Bpoint%5D=-105.031672+39.816687&filter%5Bradius%5D=50000&filter%5Bmode%5D=START&filter%5Bdate_mode%5D=dmy&filter%5Bdate%5D=2024-11-03&filter%5Bvalue_mode%5D=dst
2024-11-04,0,0,https://www.xcontest.org/2025/world/en/flights-search/?filter%5Bpoint%5D=-105.031672+39.816687&filter%5Bradius%5D=50000&filter%5Bmode%5D=START&filter%5Bdate_mode%5D=dmy&filter%5Bdate%5D=2024-11-04&filter%5Bvalue_mode%5D=dst
2024-11-05,0,0,https://www.xcontest.org/2025/world/en/flights-search/?filter%5Bpoint%5D=-105.031672+39.816687&filter%5Bradius%5D=50000&filter%5Bmode%5D=START&filter%5Bdate_mode%5D=dmy&filter%5Bdate%5D=2024-11-05&filter%5Bvalue_mode%5D=dst
2024-11-06,0,0,https://www.xcontest.org/2025/world/en/flights-search/?filter%5Bpoint%5D=-105.031672+39.816687&filter%5Bradius%5D=50000&filter%5Bmode%5D=START&filter%5Bdate_mode%5D=dmy&filter%5Bdate%5D=2024-11-06&filter%5Bvalue_mode%5D=dst
2024-11-07,1,2.32,https://www.xcontest.org/2025/world/en/flights-search/?filter%5Bpoint%5D=-105.031672+39.816687&filter%5Bradius%5D=50000&filter%5Bmode%5D=START&filter%5Bdate_mode%5D=dmy&filter%5Bdate%5D=2024-11-07&filter%5Bvalue_mode%5D=dst
2024-11-08,0,0,https://www.xcontest.org/2025/world/en/flights-search/?filter%5Bpoint%5D=-105.031672+39.816687&filter%5Bradius%5D=50000&filter%5Bmode%5D=START&filter%5Bdate_mode%5D=dmy&filter%5Bdate%5D=2024-11-08&filter%5Bvalue_mode%5D=dst
2024-11-09,0,0,https://www.xcontest.org/2025/world/en/flights-search/?filter%5Bpoint%5D=-105.031672+39.816687&filter%5Bradius%5D=50000&filter%5Bmode%5D=START&filter%5Bdate_mode%5D=dmy&filter%5Bdate%5D=2024-11-09&filter%5Bvalue_mode%5D=dst
2024-11-10,0,0,https://www.xcontest.org/2025/world/en/flights-search/?filter%5Bpoint%5D=-105.031672+39.816687&filter%5Bradius%5D=50000&filter%5Bmode%5D=START&filter%5Bdate_mode%5D=dmy&filter%5Bdate%5D=2024-11-10&filter%5Bvalue_mode%5D=dst
2024-11-11,0,0,https://www.xcontest.org/2025/world/en/flights-search/?filter%5Bpoint%5D=-105.031672+39.816687&filter%5Bradius%5D=50000&filter%5Bmode%5D=START&filter%5Bdate_mode%5D=dmy&filter%5Bdate%5D=2024-11-11&filter%5Bvalue_mode%5D=dst
2024-11-12,0,0,https://www.xcontest.org/2025/world/en/flights-search/?filter%5Bpoint%5D=-105.031672+39.816687&filter%5Bradius%5D=50000&filter%5Bmode%5D=START&filter%5Bdate_mode%5D=dmy&filter%5Bdate%5D=2024-11-12&filter%5Bvalue_mode%5D=dst
2024-11-13,2,1.49,https://www.xcontest.org/2025/world/en/flights-search/?filter%5Bpoint%5D=-105.031672+39.816687&filter%5Bradius%5D=50000&filter%5Bmode%5D=START&filter%5Bdate_mode%5D=dmy&filter%5Bdate%5D=2024-11-13&filter%5Bvalue_mode%5D=dst
2024-11-14,0,0,https://www.xcontest.org/2025/world/en/flights-search/?filter%5Bpoint%5D=-105.031672+39.816687&filter%5Bradius%5D=50000&filter%5Bmode%5D=START&filter%5Bdate_mode%5D=dmy&filter%5Bdate%5D=2024-11-14&filter%5Bvalue_mode%5D=dst
2024-11-15,1,1.27,https://www.xcontest.org/2025/world/en/flights-search/?filter%5Bpoint%5D=-105.031672+39.816687&filter%5Bradius%5D=50000&filter%5Bmode%5D=START&filter%5Bdate_mode%5D=dmy&filter%5Bdate%5D=2024-11-15&filter%5Bvalue_mode%5D=dst
2024-11-16,0,0,https://www.xcontest.org/2025/world/en/flights-search/?filter%5Bpoint%5D=-105.031672+39.816687&filter%5Bradius%5D=50000&filter%5Bmode%5D=START&filter%5Bdate_mode%5D=dmy&filter%5Bdate%5D=2024-11-16&filter%5Bvalue_mode%5D=dst
2024-11-17,4,2.04,https://www.xcontest.org/2025/world/en/flights-search/?filter%5Bpoint%5D=-105.031672+39.816687&filter%5Bradius%5D=50000&filter%5Bmode%5D=START&filter%5Bdate_mode%5D=dmy&filter%5Bdate%5D=2024-11-17&filter%5Bvalue_mode%5D=dst
2024-11-18,0,0,https://www.xcontest.org/2025/world/en/flights-search/?filter%5Bpoint%5D=-105.031672+39.816687&filter%5Bradius%5D=50000&filter%5Bmode%5D=START&filter%5Bdate_mode%5D=dmy&filter%5Bdate%5D=2024-11-18&filter%5Bvalue_mode%5D=dst
2024-11-19,0,0,https://www.xcontest.org/2025/world/en/flights-search/?filter%5Bpoint%5D=-105.031672+39.816687&filter%5Bradius%5D=50000&filter%5Bmode%5D=START&filter%5Bdate_mode%5D=dmy&filter%5Bdate%5D=2024-11-19&filter%5Bvalue_mode%5D=dst
2024-11-20,0,0,https://www.xcontest.org/2025/world/en/flights-search/?filter%5Bpoint%5D=-105.031672+39.816687&filter%5Bradius%5D=50000&filter%5Bmode%5D=START&filter%5Bdate_mode%5D=dmy&filter%5Bdate%5D=2024-11-20&filter%5Bvalue_mode%5D=dst
2024-11-21,0,0,https://www.xcontest.org/2025/world/en/flights-search/?filter%5Bpoint%5D=-105.031672+39.816687&filter%5Bradius%5D=50000&filter%5Bmode%5D=START&filter%5Bdate_mode%5D=dmy&filter%5Bdate%5D=2024-11-21&filter%5Bvalue_mode%5D=dst
2024-11-22,0,0,https://www.xcontest.org/2025/world/en/flights-search/?filter%5Bpoint%5D=-105.031672+39.816687&filter%5Bradius%5D=50000&filter%5Bmode%5D=START&filter%5Bdate_mode%5D=dmy&filter%5Bdate%5D=2024-11-22&filter%5Bvalue_mode%5D=dst
2024-11-23,0,0,https://www.xcontest.org/2025/world/en/flights-search/?filter%5Bpoint%5D=-105.031672+39.816687&filter%5Bradius%5D=50000&filter%5Bmode%5D=START&filter%5Bdate_mode%5D=dmy&filter%5Bdate%5D=2024-11-23&filter%5Bvalue_mode%5D=dst
2024-11-24,0,0,https://www.xcontest.org/2025/world/en/flights-search/?filter%5Bpoint%5D=-105.031672+39.816687&filter%5Bradius%5D=50000&filter%5Bmode%5D=START&filter%5Bdate_mode%5D=dmy&filter%5Bdate%5D=2024-11-24&filter%5Bvalue_mode%5D=dst
2024-11-25,3,1.47,https://www.xcontest.org/2025/world/en/flights-search/?filter%5Bpoint%5D=-105.031672+39.816687&filter%5Bradius%5D=50000&filter%5Bmode%5D=START&filter%5Bdate_mode%5D=dmy&filter%5Bdate%5D=2024-11-25&filter%5Bvalue_mode%5D=dst
2024-11-26,0,0,https://www.xcontest.org/2025/world/en/flights-search/?filter%5Bpoint%5D=-105.031672+39.816687&filter%5Bradius%5D=50000&filter%5Bmode%5D=START&filter%5Bdate_mode%5D=dmy&filter%5Bdate%5D=2024-11-26&filter%5Bvalue_mode%5D=dst
2024-11-27,0,0,https://www.xcontest.org/2025/world/en/flights-search/?filter%5Bpoint%5D=-105.031672+39.816687&filter%5Bradius%5D=50000&filter%5Bmode%5D=START&filter%5Bdate_mode%5D=dmy&filter%5Bdate%5D=2024-11-27&filter%5Bvalue_mode%5D=dst
2024-11-28,0,0,https://www.xcontest.org/2025/world/en/flights-search/?filter%5Bpoint%5D=-105.031672+39.816687&filter%5Bradius%5D=50000&filter%5Bmode%5D=START&filter%5Bdate_mode%5D=dmy&filter%5Bdate%5D=2024-11-28&filter%5Bvalue_mode%5D=dst
2024-11-29,0,0,https://www.xcontest.org/2025/world/en/flights-search/?filter%5Bpoint%5D=-105.031672+39.816687&filter%5Bradius%5D=50000&filter%5Bmode%5D=START&filter%5Bdate_mode%5D=dmy&filter%5Bdate%5D=2024-11-29&filter%5Bvalue_mode%5D=dst
2024-11-30,0,0,https://www.xcontest.org/2025/world/en/flights-search/?filter%5Bpoint%5D=-105.031672+39.816687&filter%5Bradius%5D=50000&filter%5Bmode%5D=START&filter%5Bdate_mode%5D=dmy&filter%5Bdate%5D=2024-11-30&filter%5Bvalue_mode%5D=dst
2024-12-01,0,0,https://www.xcontest.org/2025/world/en/flights-search/?filter%5Bpoint%5D=-105.031672+39.816687&filter%5Bradius%5D=50000&filter%5Bmode%5D=START&filter%5Bdate_mode%5D=dmy&filter%5Bdate%5D=2024-12-01&filter%5Bvalue_mode%5D=dst
2024-12-02,0,0,https://www.xcontest.org/2025/world/en/flights-search/?filter%5Bpoint%5D=-105.031672+39.816687&filter%5Bradius%5D=50000&filter%5Bmode%5D=START&filter%5Bdate_mode%5D=dmy&filter%5Bdate%5D=2024-12-02&filter%5Bvalue_mode%5D=dst
2024-12-03,1,1.24,https://www.xcontest.org/2025/world/en/flights-search/?filter%5Bpoint%5D=-105.031672+39.816687&filter%5Bradius%5D=50000&filter%5Bmode%5D=START&filter%5Bdate_mode%5D=dmy&filter%5Bdate%5D=2024-12-03&filter%5Bvalue_mode%5D=dst
2024-12-04,2,1.89,https://www.xcontest.org/2025/world/en/flights-search/?filter%5Bpoint%5D=-105.031672+39.816687&filter%5Bradius%5D=50000&filter%5Bmode%5D=START&filter%5Bdate_mode%5D=dmy&filter%5Bdate%5D=2024-12-04&filter%5Bvalue_mode%5D=dst
2024-12-05,3,1.36,https://www.xcontest.org/2025/world/en/flights-search/?filter%5Bpoint%5D=-105.031672+39.816687&filter%5Bradius%5D=50000&filter%5Bmode%5D=START&filter%5Bdate_mode%5D=dmy&filter%5Bdate%5D=2024-12-05&filter%5Bvalue_mode%5D=dst
2024-12-06,4,1.56,https://www.xcontest.org/2025/world/en/flights-search/?filter%5Bpoint%5D=-105.031672+39.816687&filter%5Bradius%5D=50000&filter%5Bmode%5D=START&filter%5Bdate_mode%5D=dmy&filter%5Bdate%5D=2024-12-06&filter%5Bvalue_mode%5D=dst
2024-12-07,0,0,https://www.xcontest.org/2025/world/en/flights-search/?filter%5Bpoint%5D=-105.031672+39.816687&filter%5Bradius%5D=50000&filter%5Bmode%5D=START&filter%5Bdate_mode%5D=dmy&filter%5Bdate%5D=2024-12-07&filter%5Bvalue_mode%5D=dst
2024-12-08,0,0,https://www.xcontest.org/2025/world/en/flights-search/?filter%5Bpoint%5D=-105.031672+39.816687&filter%5Bradius%5D=50000&filter%5Bmode%5D=START&filter%5Bdate_mode%5D=dmy&filter%5Bdate%5D=2024-12-08&filter%5Bvalue_mode%5D=dst
2024-12-09,0,0,https://www.xcontest.org/2025/world/en/flights-search/?filter%5Bpoint%5D=-105.031672+39.816687&filter%5Bradius%5D=50000&filter%5Bmode%5D=START&filter%5Bdate_mode%5D=dmy&filter%5Bdate%5D=2024-12-09&filter%5Bvalue_mode%5D=dst
2024-12-10,0,0,https://www.xcontest.org/2025/world/en/flights-search/?filter%5Bpoint%5D=-105.031672+39.816687&filter%5Bradius%5D=50000&filter%5Bmode%5D=START&filter%5Bdate_mode%5D=dmy&filter%5Bdate%5D=2024-12-10&filter%5Bvalue_mode%5D=dst
2024-12-11,0,0,https://www.xcontest.org/2025/world/en/flights-search/?filter%5Bpoint%5D=-105.031672+39.816687&filter%5Bradius%5D=50000&filter%5Bmode%5D=START&filter%5Bdate_mode%5D=dmy&filter%5Bdate%5D=2024-12-11&filter%5Bvalue_mode%5D=dst
2024-12-12,4,1.64,https://www.xcontest.org/2025/world/en/flights-search/?filter%5Bpoint%5D=-105.031672+39.816687&filter%5Bradius%5D=50000&filter%5Bmode%5D=START&filter%5Bdate_mode%5D=dmy&filter%5Bdate%5D=2024-12-12&filter%5Bvalue_mode%5D=dst
2024-12-13,0,0,https://www.xcontest.org/2025/world/en/flights-search/?filter%5Bpoint%5D=-105.031672+39.816687&filter%5Bradius%5D=50000&filter%5Bmode%5D=START&filter%5Bdate_mode%5D=dmy&filter%5Bdate%5D=2024-12-13&filter%5Bvalue_mode%5D=dst
2024-12-14,0,0,https://www.xcontest.org/2025/world/en/flights-search/?filter%5Bpoint%5D=-105.031672+39.816687&filter%5Bradius%5D=50000&filter%5Bmode%5D=START&filter%5Bdate_mode%5D=dmy&filter%5Bdate%5D=2024-12-14&filter%5Bvalue_mode%5D=dst
2024-12-15,0,0,https://www.xcontest.org/2025/world/en/flights-search/?filter%5Bpoint%5D=-105.031672+39.816687&filter%5Bradius%5D=50000&filter%5Bmode%5D=START&filter%5Bdate_mode%5D=dmy&filter%5Bdate%5D=2024-12-15&filter%5Bvalue_mode%5D=dst
2024-12-16,0,0,https://www.xcontest.org/2025/world/en/flights-search/?filter%5Bpoint%5D=-105.031672+39.816687&filter%5Bradius%5D=50000&filter%5Bmode%5D=START&filter%5Bdate_mode%5D=dmy&filter%5Bdate%5D=2024-12-16&filter%5Bvalue_mode%5D=dst
2024-12-17,0,0,https://www.xcontest.org/2025/world/en/flights-search/?filter%5Bpoint%5D=-105.031672+39.816687&filter%5Bradius%5D=50000&filter%5Bmode%5D=START&filter%5Bdate_mode%5D=dmy&filter%5Bdate%5D=2024-12-17&filter%5Bvalue_mode%5D=dst
2024-12-18,0,0,https://www.xcontest.org/2025/world/en/flights-search/?filter%5Bpoint%5D=-105.031672+39.816687&filter%5Bradius%5D=50000&filter%5Bmode%5D=START&filter%5Bdate_mode%5D=dmy&filter%5Bdate%5D=2024-12-18&filter%5Bvalue_mode%5D=dst
2024-12-19,0,0,https://www.xcontest.org/2025/world/en/flights-search/?filter%5Bpoint%5D=-105.031672+39.816687&filter%5Bradius%5D=50000&filter%5Bmode%5D=START&filter%5Bdate_mode%5D=dmy&filter%5Bdate%5D=2024-12-19&filter%5Bvalue_mode%5D=dst
2024-12-20,0,0,https://www.xcontest.org/2025/world/en/flights-search/?filter%5Bpoint%5D=-105.031672+39.816687&filter%5Bradius%5D=50000&filter%5Bmode%5D=START&filter%5Bdate_mode%5D=dmy&filter%5Bdate%5D=2024-12-20&filter%5Bvalue_mode%5D=dst
2024-12-21,0,0,https://www.xcontest.org/2025/world/en/flights-search/?filter%5Bpoint%5D=-105.031672+39.816687&filter%5Bradius%5D=50000&filter%5Bmode%5D=START&filter%5Bdate_mode%5D=dmy&filter%5Bdate%5D=2024-12-21&filter%5Bvalue_mode%5D=dst
2024-12-22,0,0,https://www.xcontest.org/2025/world/en/flights-search/?filter%5Bpoint%5D=-105.031672+39.816687&filter%5Bradius%5D=50000&filter%5Bmode%5D=START&filter%5Bdate_mode%5D=dmy&filter%5Bdate%5D=2024-12-22&filter%5Bvalue_mode%5D=dst
2024-12-23,0,0,https://www.xcontest.org/2025/world/en/flights-search/?filter%5Bpoint%5D=-105.031672+39.816687&filter%5Bradius%5D=50000&filter%5Bmode%5D=START&filter%5Bdate_mode%5D=dmy&filter%5Bdate%5D=2024-12-23&filter%5Bvalue_mode%5D=dst
2024-12-24,15,5.79,https://www.xcontest.org/2025/world/en/flights-search/?filter%5Bpoint%5D=-105.031672+39.816687&filter%5Bradius%5D=50000&filter%5Bmode%5D=START&filter%5Bdate_mode%5D=dmy&filter%5Bdate%5D=2024-12-24&filter%5Bvalue_mode%5D=dst
2024-12-25,0,0,https://www.xcontest.org/2025/world/en/flights-search/?filter%5Bpoint%5D=-105.031672+39.816687&filter%5Bradius%5D=50000&filter%5Bmode%5D=START&filter%5Bdate_mode%5D=dmy&filter%5Bdate%5D=2024-12-25&filter%5Bvalue_mode%5D=dst
2024-12-26,0,0,https://www.xcontest.org/2025/world/en/flights-search/?filter%5Bpoint%5D=-105.031672+39.816687&filter%5Bradius%5D=50000&filter%5Bmode%5D=START&filter%5Bdate_mode%5D=dmy&filter%5Bdate%5D=2024-12-26&filter%5Bvalue_mode%5D=dst
2024-12-27,0,0,https://www.xcontest.org/2025/world/en/flights-search/?filter%5Bpoint%5D=-105.031672+39.816687&filter%5Bradius%5D=50000&filter%5Bmode%5D=START&filter%5Bdate_mode%5D=dmy&filter%5Bdate%5D=2024-12-27&filter%5Bvalue_mode%5D=dst
2024-12-28,0,0,https://www.xcontest.org/2025/world/en/flights-search/?filter%5Bpoint%5D=-105.031672+39.816687&filter%5Bradius%5D=50000&filter%5Bmode%5D=START&filter%5Bdate_mode%5D=dmy&filter%5Bdate%5D=2024-12-28&filter%5Bvalue_mode%5D=dst
2024-12-29,0,0,https://www.xcontest.org/2025/world/en/flights-search/?filter%5Bpoint%5D=-105.031672+39.816687&filter%5Bradius%5D=50000&filter%5Bmode%5D=START&filter%5Bdate_mode%5D=dmy&filter%5Bdate%5D=2024-12-29&filter%5Bvalue_mode%5D=dst
2024-12-30,0,0,https://www.xcontest.org/2025/world/en/flights-search/?filter%5Bpoint%5D=-105.031672+39.816687&filter%5Bradius%5D=50000&filter%5Bmode%5D=START&filter%5Bdate_mode%5D=dmy&filter%5Bdate%5D=2024-12-30&filter%5Bvalue_mode%5D=dst
2024-12-31,7,3.44,https://www.xcontest.org/2025/world/en/flights-search/?filter%5Bpoint%5D=-105.031672+39.816687&filter%5Bradius%5D=50000&filter%5Bmode%5D=START&filter%5Bdate_mode%5D=dmy&filter%5Bdate%5D=2024-12-31&filter%5Bvalue_mode%5D=dst
